idx,bitlen,p,q,N,gap0,bal,cntQR100,T400,oracle_method,oracle_cost,in_train,TD_succ,TD_cost_MAIN,RHO_succ,RHO_cost_MAIN,FERMAT_succ,FERMAT_cost_MAIN,PM1_256_succ,PM1_256_cost_MAIN,PM1_1024_succ,PM1_1024_cost_MAIN,STATIC_cost,STATIC_regret,DIAL_RULE_cost,DIAL_RULE_regret,DIAL_ML_cost,DIAL_ML_regret
0,32,4691,679829,3189077839,103998.0,1.8415877930862794,11.0,1.92372387296431,PM1_256,213.0,1,1,634,1,275,0,200000,1,213,1,251,275.0,1.2910798122065728,275.0,1.2910798122065728,275.0,1.2910798122065728
1,33,5077,1048783,5324671291,50391.0,0.6905682000440785,11.0,2.2783942884194825,RHO,144.0,0,1,678,1,144,0,200000,1,167,1,205,144.0,1.0,144.0,1.0,144.0,1.0
2,34,53927,210911,11373797497,1593.0,0.014936987927042157,13.0,1.5475469902134487,RHO,275.0,1,1,5495,1,275,1,51542,1,374,1,412,275.0,1.0,275.0,1.0,412.0,1.4981818181818183
3,35,81749,214667,17548812583,246742.0,1.8625983449781853,16.0,2.1120010599709538,PM1_256,525.0,1,0,6542,1,921,1,31474,1,525,1,563,921.0,1.7542857142857142,921.0,1.7542857142857142,921.0,1.7542857142857142
4,36,13249,3209083,42517140667,350251.0,1.6986244026780255,17.0,2.1537185219430235,PM1_256,103.0,1,1,1575,1,534,0,200000,1,103,1,130,534.0,5.184466019417476,534.0,5.184466019417476,534.0,5.184466019417476
5,37,62617,1836151,114974267167,377083.0,1.1120815317915826,10.0,1.821807432848719,RHO,275.0,1,1,6286,1,275,0,200000,0,2740,0,10680,275.0,1.0,275.0,1.0,275.0,1.0
6,38,235607,740321,174424809847,804966.0,1.9274068938375057,11.0,1.5978113870054038,PM1_1024,1771.0,1,0,6542,1,1918,1,140646,0,2740,1,1771,1918.0,1.08300395256917,1918.0,1.08300395256917,1771.0,1.0
7,39,608701,744539,453201633839,701035.0,1.0413433973781343,10.0,1.2141096716408046,RHO,921.0,1,0,6542,1,921,1,6836,0,2740,0,10680,921.0,1.0,921.0,1.0,921.0,1.0
8,40,489553,1783333,873036020149,1804380.0,1.9311318356612508,14.0,1.995640653608628,PM1_256,167.0,1,0,6542,1,534,0,200000,1,167,1,205,534.0,3.197604790419162,534.0,3.197604790419162,534.0,3.197604790419162
9,32,4789,541771,2594541319,65223.0,1.2804731464800598,10.0,1.7299467725510658,PM1_256,93.0,1,1,644,1,534,0,200000,1,93,1,116,534.0,5.741935483870968,534.0,5.741935483870968,534.0,5.741935483870968
10,33,16421,325537,5345643077,132308.0,1.8096147420720134,11.0,0.9474722355900803,RHO,275.0,0,1,1903,1,275,1,195732,0,2740,1,2126,275.0,1.0,275.0,1.0,275.0,1.0
11,34,9049,1455403,13169941747,84147.0,0.7332409478775426,12.0,1.6647005863991349,PM1_256,113.0,0,1,1125,1,144,0,200000,1,113,1,146,144.0,1.2743362831858407,144.0,1.2743362831858407,146.0,1.2920353982300885
12,35,12823,2436793,31246996639,70815.0,0.40060938493400894,15.0,2.1488944665964977,RHO,275.0,0,1,1529,1,275,0,200000,0,2740,0,10680,275.0,1.0,275.0,1.0,275.0,1.0
13,36,175699,390739,68652451561,67305.0,0.25687350012210847,12.0,2.152000488236867,PM1_256,608.0,1,0,6542,1,921,1,42406,1,608,1,646,921.0,1.5148026315789473,921.0,1.5148026315789473,921.0,1.5148026315789473
14,37,155299,566173,87926100727,211198.0,0.7122474356176179,12.0,1.660363576214896,PM1_256,509.0,0,0,6542,1,534,1,128426,1,509,1,547,534.0,1.0491159135559922,534.0,1.0491159135559922,547.0,1.074656188605108
15,38,73849,1969661,145457495189,688645.0,1.8056241147043135,15.0,1.254990342954916,RHO,275.0,1,0,6542,1,275,0,200000,1,509,1,547,275.0,1.0,275.0,1.0,275.0,1.0
16,39,599933,730783,438420837539,727850.0,1.0992495402358338,14.0,1.4813879845308362,PM1_1024,939.0,0,0,6542,1,1699,1,6450,0,2740,1,939,1699.0,1.8093716719914803,1699.0,1.8093716719914803,1699.0,1.8093716719914803
17,40,188621,4086473,770794623733,177132.0,0.2017565708795635,14.0,1.954908949525196,RHO,534.0,0,0,6542,1,534,0,200000,0,2740,0,10680,534.0,1.0,534.0,1.0,534.0,1.0
18,32,36721,95401,3503220121,777.0,0.013127659556536332,11.0,2.1136864422690493,PM1_256,84.0,0,1,3894,1,275,1,13746,1,84,1,101,275.0,3.2738095238095237,275.0,3.2738095238095237,275.0,3.2738095238095237
19,33,6217,802331,4988091827,59951.0,0.8488465965599813,9.0,0.9284838176978667,RHO,77.0,1,1,809,1,77,0,200000,1,134,1,172,77.0,1.0,77.0,1.0,77.0,1.0
20,34,19583,483761,9473491663,168102.0,1.727101422503847,14.0,1.831970083791998,RHO,144.0,0,1,2222,1,144,0,200000,0,2740,0,10680,144.0,1.0,144.0,1.0,144.0,1.0
21,35,19181,932357,17883539617,94176.0,0.7042283426249674,12.0,1.512536591164756,RHO,275.0,0,1,2175,1,275,0,200000,1,309,1,347,275.0,1.0,275.0,1.0,347.0,1.2618181818181817
22,36,18701,2130757,39847286657,339968.0,1.7030941740033358,10.0,0.6354556376123656,PM1_256,84.0,0,1,2135,1,534,0,200000,1,84,1,101,534.0,6.357142857142857,534.0,6.357142857142857,534.0,6.357142857142857
23,37,42773,2891741,123688437793,471544.0,1.3407804566853103,9.0,1.6256282444217924,PM1_256,134.0,0,1,4473,1,275,0,200000,1,134,1,172,275.0,2.0522388059701493,275.0,2.0522388059701493,172.0,1.2835820895522387
24,38,328327,509569,167305261063,538222.0,1.3158507936299093,13.0,1.5488899123890365,RHO,1863.0,0,0,6542,1,1863,1,19838,0,2740,0,10680,1863.0,1.0,1863.0,1.0,12543.0,6.73268921095008
25,39,157363,3058051,481224079513,227304.0,0.3276675267614377,16.0,2.115273388714432,PM1_256,134.0,0,0,6542,1,275,0,200000,1,134,1,172,275.0,2.0522388059701493,275.0,2.0522388059701493,275.0,2.0522388059701493
26,40,178169,4101481,730756768289,213640.0,0.24991719973222493,13.0,1.4960934321886794,RHO,921.0,0,0,6542,1,921,0,200000,0,2740,0,10680,921.0,1.0,921.0,1.0,921.0,1.0
27,32,7867,415673,3270099491,89635.0,1.5674624286924483,10.0,1.3402800913641235,PM1_256,103.0,0,1,993,1,144,0,200000,1,103,1,130,144.0,1.3980582524271845,144.0,1.3980582524271845,144.0,1.3980582524271845
28,33,15959,275917,4403359403,107954.0,1.6268468537840224,9.0,1.097210389692243,RHO,144.0,0,1,1859,1,144,1,159162,1,296,1,334,144.0,1.0,144.0,1.0,144.0,1.0
29,34,126233,136067,17176145611,208362.0,1.58984820488421,17.0,2.480893456954651,FERMAT,186.0,1,0,6542,1,562,1,186,0,2740,1,1390,562.0,3.021505376344086,562.0,3.021505376344086,562.0,3.021505376344086
30,35,64591,444463,28708309633,90408.0,0.5335843104658408,16.0,1.8674910314492752,RHO,921.0,1,1,6459,1,921,1,170184,0,2740,0,10680,921.0,1.0,921.0,1.0,921.0,1.0
31,36,80911,696793,56378218423,464823.0,1.9576359662515255,10.0,1.5867310756484243,PM1_256,124.0,0,0,6542,1,921,0,200000,1,124,1,162,921.0,7.42741935483871,921.0,7.42741935483871,162.0,1.3064516129032258
32,37,147949,719183,106402405667,532418.0,1.6322136524622846,13.0,0.9844403980997836,RHO,534.0,0,0,6542,1,534,0,200000,0,2740,0,10680,534.0,1.0,534.0,1.0,534.0,1.0
33,38,47057,3632879,170952387103,734734.0,1.7770209694616943,17.0,2.0707669043432695,RHO,144.0,0,1,4855,1,144,0,200000,1,481,1,519,144.0,1.0,144.0,1.0,144.0,1.0
34,39,188017,2747449,516567118633,55557.0,0.07729927261906644,14.0,1.7190292545488248,RHO,1695.0,1,0,6542,1,1695,0,200000,0,2740,0,10680,1695.0,1.0,1695.0,1.0,1695.0,1.0
35,40,446279,2039161,910034731919,774070.0,0.8114303588005711,18.0,1.7531918051587563,PM1_256,682.0,0,0,6542,1,921,0,200000,1,682,1,720,921.0,1.3504398826979471,921.0,1.3504398826979471,921.0,1.3504398826979471
36,32,5059,738707,3737118713,119552.0,1.9556376916019016,12.0,1.1053687125175586,RHO,144.0,1,1,677,1,144,0,200000,0,2740,1,803,144.0,1.0,144.0,1.0,144.0,1.0
37,33,15269,368857,5632077533,25324.0,0.3374411111261511,10.0,0.9116431857335433,PM1_256,335.0,1,1,1782,1,534,0,200000,1,335,1,373,534.0,1.5940298507462687,534.0,1.5940298507462687,534.0,1.5940298507462687
38,34,3347,3049183,10205615501,171017.0,1.6928546961601043,14.0,1.699077103951781,RHO,77.0,1,1,472,1,77,0,200000,1,652,1,690,77.0,1.0,77.0,1.0,77.0,1.0
39,35,7417,3683117,27317678789,200389.0,1.2124168987250967,15.0,1.6521394600654213,RHO,275.0,0,1,941,1,275,0,200000,1,309,1,347,275.0,1.0,275.0,1.0,347.0,1.2618181818181817
40,36,21487,2442191,52475358017,2392.0,0.010441994741819807,13.0,1.140854324459361,RHO,921.0,0,1,2409,1,921,0,200000,0,2740,0,10680,921.0,1.0,921.0,1.0,921.0,1.0
41,37,62129,1306313,81159920377,457152.0,1.6046850921988325,10.0,1.7326274235032182,RHO,921.0,1,1,6244,1,921,0,200000,0,2740,1,969,921.0,1.0,921.0,1.0,921.0,1.0
42,38,194729,1211741,235961113189,278625.0,0.5735877443058092,12.0,2.1162608083100123,PM1_256,666.0,0,0,6542,1,1052,0,200000,1,666,1,704,1052.0,1.5795795795795795,1052.0,1.5795795795795795,1052.0,1.5795795795795795
43,39,605069,898561,543691405709,484393.0,0.6569338258406765,14.0,1.7832386831518632,PM1_256,76.0,0,0,6542,1,921,1,28922,1,76,1,88,921.0,12.118421052631579,921.0,12.118421052631579,921.0,12.118421052631579
44,40,606379,1199833,727553534707,831618.0,0.9749703384964292,12.0,1.6406171714837354,RHO,2088.0,1,0,6542,1,2088,1,100278,0,2740,0,10680,2088.0,1.0,2088.0,1.0,2088.0,1.0
45,32,1217,2180723,2653939891,41635.0,0.8081891725648304,16.0,2.353601114815778,RHO,77.0,1,1,199,1,77,0,200000,1,93,1,116,77.0,1.0,77.0,1.0,77.0,1.0
46,33,67961,83071,5645588231,19462.0,0.2590197433269544,11.0,1.205439059215062,PM1_256,225.0,0,0,6542,1,902,1,758,1,225,1,263,902.0,4.0088888888888885,902.0,4.0088888888888885,902.0,4.0088888888888885
47,34,109201,128413,14022828013,5289.0,0.044663809577699026,13.0,1.633257464801368,PM1_256,76.0,1,0,6542,1,144,1,778,1,76,1,88,144.0,1.894736842105263,144.0,1.894736842105263,88.0,1.1578947368421053
48,35,40253,639547,25743685391,124687.0,0.77711593815469,12.0,1.5099106412598182,RHO,534.0,1,1,4228,1,534,0,200000,0,2740,1,939,534.0,1.0,534.0,1.0,939.0,1.7584269662921348
49,36,191441,294397,56359656077,421276.0,1.7745267523071109,14.0,1.2593385584606271,RHO,275.0,1,0,6542,1,275,1,11036,0,2740,0,10680,275.0,1.0,275.0,1.0,275.0,1.0
50,37,32099,3280357,105296179343,472294.0,1.4554795967505738,13.0,1.1948338575922322,RHO,534.0,0,1,3445,1,534,0,200000,0,2740,0,10680,534.0,1.0,534.0,1.0,534.0,1.0
51,38,61409,3892249,239019118841,797816.0,1.631873241685332,14.0,1.5381017624472233,PM1_256,296.0,0,1,6178,1,534,0,200000,1,296,1,334,534.0,1.804054054054054,534.0,1.804054054054054,534.0,1.804054054054054
52,39,126023,2839301,357817229923,310239.0,0.5186397117687302,10.0,1.3732084490263068,PM1_256,374.0,0,0,6542,1,1695,0,200000,1,374,1,412,1695.0,4.532085561497326,1695.0,4.532085561497326,1695.0,4.532085561497326
53,40,304021,1916279,582589057859,332234.0,0.4352741872433624,12.0,1.6627175584712623,RHO,921.0,1,0,6542,1,921,0,200000,0,2740,1,1482,921.0,1.0,921.0,1.0,921.0,1.0
54,32,2207,1035187,2284657709,8905.0,0.1863045032281503,12.0,1.4672587684494076,RHO,77.0,0,1,329,1,77,0,200000,0,2740,0,10680,77.0,1.0,77.0,1.0,10757.0,139.7012987012987
55,33,26591,192767,5125867297,23272.0,0.3250498941437698,11.0,1.5486365555618025,RHO,534.0,0,1,2917,1,534,1,76168,0,2740,1,803,534.0,1.0,534.0,1.0,803.0,1.50374531835206
56,34,90401,155663,14072090863,200238.0,1.687979560442013,10.0,1.6135173646388536,PM1_256,347.0,0,0,6542,1,1695,1,8814,1,347,1,385,1695.0,4.884726224783861,1695.0,4.884726224783861,385.0,1.1095100864553313
57,35,159079,173501,27600365579,191890.0,1.1550344178855938,8.0,0.9274587296558098,FERMAT,314.0,0,0,6542,1,921,1,314,0,2740,1,939,921.0,2.93312101910828,921.0,2.93312101910828,921.0,2.93312101910828
58,36,31139,1696979,52842229081,173205.0,0.7534767574243081,10.0,1.8753314197992625,RHO,275.0,0,1,3353,1,275,0,200000,0,2740,0,10680,275.0,1.0,275.0,1.0,275.0,1.0
59,37,237929,413951,98490947479,423255.0,1.3486645420192953,15.0,2.3856944758146867,RHO,1001.0,0,0,6542,1,1001,1,24216,0,2740,1,1320,1001.0,1.0,1001.0,1.0,1001.0,1.0
60,38,253609,1022591,259338280919,681415.0,1.3380685884113137,15.0,1.8341594592656532,RHO,1826.0,0,0,6542,1,1826,0,200000,0,2740,0,10680,1826.0,1.0,1826.0,1.0,1826.0,1.0
61,39,170843,2927303,500109226429,16573.0,0.023435201765588103,14.0,2.108309844195411,RHO,1695.0,1,0,6542,1,1695,0,200000,0,2740,0,10680,1695.0,1.0,1695.0,1.0,1695.0,1.0
62,40,176347,3813427,672486411169,1128465.0,1.3760884104787818,15.0,2.154715231199077,PM1_256,296.0,1,0,6542,1,1826,0,200000,1,296,1,334,1826.0,6.168918918918919,1826.0,6.168918918918919,1826.0,6.168918918918919
63,32,26189,124771,3267627719,19150.0,0.3350059284052928,12.0,1.4716375818515042,RHO,534.0,0,1,2879,1,534,1,36634,0,2740,0,10680,534.0,1.0,534.0,1.0,11214.0,21.0
64,33,1993,3260027,6497233811,67786.0,0.8409608137402464,17.0,1.505345844602589,RHO,144.0,1,1,301,1,144,0,200000,1,261,1,299,144.0,1.0,144.0,1.0,299.0,2.076388888888889
65,34,20879,628921,13131241559,144278.0,1.2590622944113603,11.0,1.3376568060155294,RHO,144.0,1,1,2348,1,144,0,200000,1,236,1,274,144.0,1.0,144.0,1.0,144.0,1.0
66,35,60631,442753,26844557143,28494.0,0.1739102975262916,14.0,1.6204400987694436,PM1_256,167.0,1,1,6111,1,1436,1,175698,1,167,1,205,1436.0,8.598802395209582,1436.0,8.598802395209582,205.0,1.2275449101796407
67,36,91249,463181,42264803069,22013.0,0.10707542545833278,9.0,1.1126652778625612,RHO,586.0,1,0,6542,1,586,1,143262,0,2740,0,10680,586.0,1.0,586.0,1.0,586.0,1.0
68,37,85643,1042259,89262187537,467248.0,1.5639169556218646,14.0,1.725038167917105,RHO,1001.0,1,0,6542,1,1001,0,200000,0,2740,1,1819,1001.0,1.0,1001.0,1.0,1001.0,1.0
69,38,229373,903403,207216256319,112219.0,0.24652131898160307,11.0,1.2621125030118039,RHO,144.0,1,0,6542,1,144,0,200000,0,2740,1,1096,144.0,1.0,144.0,1.0,144.0,1.0
70,39,603851,754343,455510774893,517668.0,0.7670117064318285,10.0,1.516924492645172,RHO,1759.0,1,0,6542,1,1759,1,8364,0,2740,1,2409,1759.0,1.0,1759.0,1.0,1759.0,1.0
71,40,313613,3464911,1086641133443,1677043.0,1.6087965559815827,11.0,0.7724538982295486,PM1_256,453.0,0,0,6542,1,1052,0,200000,1,453,1,491,1052.0,2.322295805739514,1052.0,2.322295805739514,1052.0,2.322295805739514
72,32,5107,444859,2271894913,38017.0,0.7975973883407265,12.0,1.79669345428075,PM1_256,134.0,1,1,683,1,283,0,200000,1,134,1,172,283.0,2.111940298507463,283.0,2.111940298507463,283.0,2.111940298507463
73,33,38453,116849,4493194597,39636.0,0.5913058909800853,10.0,1.484001057508398,PM1_256,335.0,0,1,4056,1,602,1,21240,1,335,1,373,602.0,1.7970149253731342,602.0,1.7970149253731342,373.0,1.1134328358208956
74,34,3041,3317123,10087371043,181818.0,1.8102888576665734,14.0,1.8866193962319089,PM1_256,93.0,0,1,436,1,275,0,200000,1,93,1,116,275.0,2.956989247311828,275.0,2.956989247311828,275.0,2.956989247311828
75,35,100703,195023,19639401169,181569.0,1.2956198136342896,13.0,1.978331240384416,RHO,534.0,1,0,6542,1,534,1,15446,0,2740,0,10680,534.0,1.0,534.0,1.0,534.0,1.0
76,36,100943,476519,48101257417,433656.0,1.977275316715629,12.0,1.610385868299499,RHO,534.0,1,0,6542,1,534,1,138824,0,2740,1,923,534.0,1.0,534.0,1.0,923.0,1.7284644194756553
77,37,253159,367121,92939985239,365639.0,1.1993645632802428,10.0,1.2833632191858597,RHO,921.0,0,0,6542,1,921,1,10560,0,2740,1,969,921.0,1.0,921.0,1.0,921.0,1.0
78,38,263401,605477,159483247277,428668.0,1.0734047920027874,13.0,1.239767821172075,RHO,921.0,0,0,6542,1,921,1,70172,0,2740,1,1190,921.0,1.0,921.0,1.0,921.0,1.0
79,39,657061,708493,465523119073,745809.0,1.0930926972233859,10.0,1.6134962765652765,PM1_256,426.0,1,0,6542,1,1727,1,970,1,426,1,464,1727.0,4.053990610328638,1727.0,4.053990610328638,1727.0,4.053990610328638
80,40,183761,3423683,629139411763,140274.0,0.1768494589043557,11.0,1.7614382148495875,RHO,534.0,0,0,6542,1,534,0,200000,0,2740,0,10680,534.0,1.0,534.0,1.0,534.0,1.0
81,32,1039,3153407,3276389873,86752.0,1.5155899209628596,15.0,1.517201694986489,RHO,23.0,0,1,175,1,23,0,200000,1,481,1,519,23.0,1.0,23.0,1.0,519.0,22.565217391304348
82,33,48527,139747,6781502669,144868.0,1.7591768283789655,12.0,1.3412215582406402,RHO,534.0,1,1,4992,1,534,1,23576,0,2740,0,10680,534.0,1.0,534.0,1.0,534.0,1.0
83,34,17959,875731,15727253029,86565.0,0.6902650689488666,15.0,1.964997400832034,PM1_256,236.0,1,1,2059,1,534,0,200000,1,236,1,274,534.0,2.26271186440678,534.0,2.26271186440678,534.0,2.26271186440678
84,35,73043,297991,21766156613,170524.0,1.1558317937351237,13.0,0.9178986024961312,PM1_256,155.0,1,0,6542,1,921,1,75968,1,155,1,193,921.0,5.941935483870968,921.0,5.941935483870968,921.0,5.941935483870968
85,36,61667,558091,34415797697,353501.0,1.905512168930782,9.0,0.884736700938563,PM1_256,178.0,0,1,6205,1,534,0,200000,1,178,1,216,534.0,3.0,534.0,3.0,534.0,3.0
86,37,96263,999451,96210151613,380284.0,1.2260201382970612,13.0,1.3066624342878002,RHO,534.0,0,0,6542,1,534,0,200000,0,2740,0,10680,534.0,1.0,534.0,1.0,534.0,1.0
87,38,134207,1891489,253851064223,349327.0,0.693334258853516,8.0,1.0889200624190405,PM1_256,202.0,1,0,6542,1,921,0,200000,1,202,1,240,921.0,4.5594059405940595,921.0,4.5594059405940595,921.0,4.5594059405940595
88,39,150893,2174071,328052095403,368839.0,0.6439696916524253,13.0,1.1015974583533679,PM1_1024,894.0,1,0,6542,1,1052,0,200000,0,2740,1,894,1052.0,1.1767337807606264,1052.0,1.1767337807606264,1052.0,1.1767337807606264
89,40,230257,2469937,568720283809,685584.0,0.9090992816526531,9.0,1.642312481417524,PM1_256,144.0,0,0,6542,1,921,0,200000,1,144,1,182,921.0,6.395833333333333,921.0,6.395833333333333,921.0,6.395833333333333
90,32,16573,234319,3883368787,84931.0,1.3628934985489725,12.0,2.021923905661901,RHO,275.0,0,1,1919,1,275,1,126260,0,2740,1,2076,275.0,1.0,275.0,1.0,275.0,1.0
91,33,4363,1860059,8115437417,130192.0,1.445201262057698,9.0,0.8164863331752942,RHO,144.0,1,1,596,1,144,0,200000,0,2740,1,1906,144.0,1.0,144.0,1.0,144.0,1.0
92,34,25097,390727,9806075519,124894.0,1.2612290295191624,13.0,1.664095678150346,RHO,921.0,0,1,2770,1,921,0,200000,0,2740,1,1207,921.0,1.0,921.0,1.0,1207.0,1.3105320304017372
93,35,110947,258107,28636197329,112045.0,0.66211710534242,12.0,1.4640920647849243,PM1_256,509.0,0,0,6542,1,534,1,30610,1,509,1,547,534.0,1.0491159135559922,534.0,1.0491159135559922,547.0,1.074656188605108
94,36,65551,903563,59229458213,14572.0,0.05987565571679788,13.0,1.3502130495152542,PM1_256,103.0,0,0,6542,1,921,0,200000,1,103,1,130,921.0,8.941747572815533,921.0,8.941747572815533,921.0,8.941747572815533
95,37,48991,2431097,119101873127,270806.0,0.7846915691745427,11.0,1.01572743215061,PM1_256,225.0,1,1,5035,1,275,0,200000,1,225,1,263,275.0,1.2222222222222223,275.0,1.2222222222222223,275.0,1.2222222222222223
96,38,201947,987911,199505662717,507117.0,1.1353520697788682,14.0,1.9447815962314072,RHO,534.0,0,0,6542,1,534,0,200000,0,2740,0,10680,534.0,1.0,534.0,1.0,534.0,1.0
97,39,73637,3929449,289352836013,288788.0,0.5368652219920076,14.0,0.9430460539367629,RHO,921.0,0,0,6542,1,921,0,200000,0,2740,1,1221,921.0,1.0,921.0,1.0,921.0,1.0
98,40,235171,3677591,864862753061,1812620.0,1.949095732819684,8.0,1.0096707488798766,PM1_256,213.0,1,0,6542,1,1052,0,200000,1,213,1,251,1052.0,4.938967136150235,1052.0,4.938967136150235,1052.0,4.938967136150235
99,32,19141,167621,3208433561,4112.0,0.07259497846130514,15.0,1.8202271128555945,RHO,77.0,1,1,2172,1,77,1,73476,1,113,0,584,77.0,1.0,77.0,1.0,77.0,1.0
100,33,71023,102881,7306917263,86863.0,1.0161731831363652,8.0,1.0419297657496736,PM1_256,273.0,1,0,6542,1,534,1,2944,1,273,1,311,534.0,1.956043956043956,534.0,1.956043956043956,534.0,1.956043956043956
101,34,4481,2769149,12408556669,156220.0,1.4024132271819143,15.0,1.955632785566055,PM1_256,50.0,0,1,608,1,144,0,200000,1,50,1,62,144.0,2.88,144.0,2.88,144.0,2.88
102,35,110863,238361,26425415543,312179.0,1.9204047541021922,11.0,1.0279095650114092,PM1_256,296.0,1,0,6542,1,1052,1,24108,1,296,1,334,1052.0,3.554054054054054,1052.0,3.554054054054054,1052.0,3.554054054054054
103,36,154493,354247,54728681771,290290.0,1.2408651331995662,15.0,1.7630496816870773,PM1_256,426.0,1,0,6542,1,1244,1,40858,1,426,1,464,1244.0,2.92018779342723,1244.0,2.92018779342723,1244.0,2.92018779342723
104,37,27407,3654857,100168665799,213763.0,0.6754086077824053,12.0,2.001969753334937,RHO,534.0,1,1,2995,1,534,0,200000,1,537,1,575,534.0,1.0,534.0,1.0,534.0,1.0
105,38,375043,595481,223330980683,69442.0,0.14694260473684742,11.0,0.8543241754439562,RHO,1052.0,0,0,6542,1,1052,1,25366,0,2740,0,10680,1052.0,1.0,1052.0,1.0,1052.0,1.0
106,39,538019,601037,323369325703,816678.0,1.4361554347154821,13.0,1.7661566244914888,PM1_256,399.0,0,0,6542,1,921,1,1746,1,399,1,437,921.0,2.308270676691729,921.0,2.308270676691729,921.0,2.308270676691729
107,40,397027,1933331,767584606937,104776.0,0.11959105195640078,12.0,1.0680078782711655,PM1_256,386.0,0,0,6542,1,534,0,200000,1,386,1,424,534.0,1.383419689119171,534.0,1.383419689119171,534.0,1.383419689119171
108,32,6271,466171,2923358341,9717.0,0.17971783403744626,15.0,2.142134810449865,PM1_256,93.0,0,1,816,1,275,0,200000,1,93,1,116,275.0,2.956989247311828,275.0,2.956989247311828,275.0,2.956989247311828
109,33,14437,355697,5135197589,41989.0,0.5859451344376053,14.0,1.6896221263648112,RHO,144.0,0,1,1693,1,144,0,200000,1,167,1,205,144.0,1.0,144.0,1.0,144.0,1.0
110,34,12967,1212479,15722215193,64649.0,0.5155905436170848,10.0,0.8698315898236955,RHO,534.0,0,1,1544,1,534,0,200000,0,2740,1,2426,534.0,1.0,534.0,1.0,534.0,1.0
111,35,51413,521201,26796507013,126597.0,0.7733646573722031,12.0,1.6876644935704816,RHO,534.0,0,1,5258,1,534,0,200000,0,2740,0,10680,534.0,1.0,534.0,1.0,11214.0,21.0
112,36,233837,275453,64411103161,216312.0,0.8523152205895254,15.0,2.149366264360354,RHO,1695.0,0,0,6542,1,1695,1,1704,0,2740,0,10680,1695.0,1.0,1695.0,1.0,1695.0,1.0
113,37,233921,510919,119514683399,662135.0,1.9152960470049456,8.0,1.1969357038888584,PM1_256,155.0,1,0,6542,1,534,1,53424,1,155,1,193,534.0,3.445161290322581,534.0,3.445161290322581,534.0,3.445161290322581
114,38,41947,3714461,155810495567,301583.0,0.7640266414632465,13.0,1.066903984917269,RHO,144.0,0,1,4385,1,144,0,200000,0,2740,0,10680,144.0,1.0,144.0,1.0,144.0,1.0
115,39,344807,1377451,474954746957,836396.0,1.2136286796887115,14.0,1.0474204776188347,RHO,921.0,1,0,6542,1,921,0,200000,0,2740,0,10680,921.0,1.0,921.0,1.0,921.0,1.0
116,40,412277,2182199,899670457123,1134042.0,1.1956041379313715,13.0,2.010507169200762,RHO,1052.0,1,0,6542,1,1052,0,200000,0,2740,0,10680,1052.0,1.0,1052.0,1.0,1052.0,1.0
117,32,22921,107273,2458804433,33037.0,0.6662521286916665,9.0,1.01349167623797,PM1_256,178.0,0,1,2558,1,275,1,31022,1,178,1,216,275.0,1.5449438202247192,275.0,1.5449438202247192,275.0,1.5449438202247192
118,33,77977,80141,6249154757,94156.0,1.1910702037066332,9.0,0.7265669363102275,FERMAT,16.0,0,0,6542,1,144,1,16,0,2740,1,116,144.0,9.0,144.0,9.0,144.0,9.0
119,34,7507,1864241,13994857187,203786.0,1.7226224759338742,11.0,1.0290945950538046,RHO,144.0,0,1,951,1,144,0,200000,1,399,1,437,144.0,1.0,144.0,1.0,144.0,1.0
120,35,128099,245563,31456374737,159856.0,0.9013108656388776,14.0,1.1920974361937806,RHO,550.0,0,0,6542,1,550,1,18944,0,2740,0,10680,550.0,1.0,550.0,1.0,550.0,1.0
121,36,92489,382777,35402661953,357928.0,1.9022943351681216,9.0,0.979173461684492,RHO,534.0,0,0,6542,1,534,1,98956,0,2740,1,1067,534.0,1.0,534.0,1.0,534.0,1.0
122,37,20509,4030189,82655146201,46197.0,0.16068629030447604,11.0,2.0062748443654037,RHO,275.0,1,1,2315,1,275,0,200000,0,2740,1,878,275.0,1.0,275.0,1.0,275.0,1.0
123,38,48407,3402793,164719000751,719726.0,1.7733536056147567,11.0,1.304936584521357,RHO,534.0,1,1,4979,1,534,0,200000,0,2740,1,818,534.0,1.0,534.0,1.0,534.0,1.0
124,39,98519,3333431,328406288689,502200.0,0.8763366517647841,12.0,1.6789335995941328,PM1_256,608.0,1,0,6542,1,921,0,200000,1,608,1,646,921.0,1.5148026315789473,921.0,1.5148026315789473,921.0,1.5148026315789473
125,40,476887,1729327,824693565049,733173.0,0.8073468594616295,15.0,2.111589189444672,RHO,1695.0,1,0,6542,1,1695,0,200000,0,2740,0,10680,1695.0,1.0,1695.0,1.0,1695.0,1.0
126,32,4937,532391,2628414367,6543.0,0.12762330998167096,10.0,1.4063775650600032,RHO,275.0,0,1,660,1,275,0,200000,0,2740,1,1643,275.0,1.0,275.0,1.0,1643.0,5.974545454545455
127,33,5879,785623,4618677617,116017.0,1.707115109915395,12.0,1.0753215178801314,RHO,275.0,1,1,774,1,275,0,200000,0,2740,0,10680,275.0,1.0,275.0,1.0,275.0,1.0
128,34,6211,1397251,8678325961,99312.0,1.0660651561440977,8.0,1.7920709726770554,RHO,275.0,0,1,808,1,275,0,200000,0,412,0,520,275.0,1.0,275.0,1.0,275.0,1.0
129,35,22481,828169,18618067289,10585.0,0.07757531800418174,13.0,1.3142986696981849,RHO,275.0,1,1,2514,1,275,0,200000,0,2740,1,803,275.0,1.0,275.0,1.0,275.0,1.0
130,36,165391,362741,59994096731,452635.0,1.847965560425675,12.0,1.4181664905597313,PM1_256,412.0,1,0,6542,1,921,1,38260,1,412,1,450,921.0,2.2354368932038833,921.0,2.2354368932038833,450.0,1.0922330097087378
131,37,64513,1850357,119372081141,449137.0,1.2999524027678002,10.0,1.4599689774117648,PM1_1024,62.0,1,1,6454,1,534,0,200000,1,711,1,62,534.0,8.612903225806452,534.0,8.612903225806452,62.0,1.0
132,38,119237,1425913,170021588381,611485.0,1.4829748079039202,10.0,1.4142987674667664,PM1_256,190.0,1,0,6542,1,275,0,200000,1,190,1,228,275.0,1.4473684210526316,275.0,1.4473684210526316,228.0,1.2
133,39,451397,1214393,548173357021,447252.0,0.6040784313400791,19.0,2.4011303028602224,RHO,1695.0,1,0,6542,1,1695,1,185016,0,2740,0,10680,1695.0,1.0,1695.0,1.0,1695.0,1.0
134,40,466567,1502933,701218941011,278467.0,0.3325423157578071,12.0,1.5244868623354126,PM1_1024,1660.0,1,0,6542,1,1957,0,200000,0,2740,1,1660,1957.0,1.1789156626506023,1957.0,1.1789156626506023,1957.0,1.1789156626506023
135,32,4133,970261,4010088713,33088.0,0.5225087010192987,14.0,1.2059328555544304,RHO,144.0,0,1,569,1,144,0,200000,1,440,1,478,144.0,1.0,144.0,1.0,144.0,1.0
136,33,10091,440717,4447275247,119278.0,1.7886004835039802,15.0,1.9374254826352144,RHO,275.0,0,1,1238,1,275,0,200000,0,2740,1,1252,275.0,1.0,275.0,1.0,275.0,1.0
137,34,35407,353783,12526394681,84440.0,0.7544581927961511,14.0,1.510510773495371,RHO,698.0,0,1,3771,1,698,1,165348,0,2740,1,803,698.0,1.0,698.0,1.0,803.0,1.1504297994269341
138,35,58537,301489,17648261593,201877.0,1.519623062565466,12.0,1.8384739319156291,PM1_1024,775.0,1,1,5924,1,921,1,94334,0,2740,1,775,921.0,1.1883870967741936,921.0,1.1883870967741936,921.0,1.1883870967741936
139,36,104243,511453,53315395079,123278.0,0.5338991926225685,16.0,1.7783109898262162,RHO,534.0,1,0,6542,1,534,1,153894,0,2740,0,10680,534.0,1.0,534.0,1.0,534.0,1.0
140,37,230339,372539,85810260721,518232.0,1.7691090970431418,11.0,1.8284484534295757,RHO,921.0,0,0,6542,1,921,1,17012,0,2740,0,10680,921.0,1.0,921.0,1.0,921.0,1.0
141,38,69847,3692771,257928976037,86348.0,0.17002086283702603,9.0,0.7122801364968192,RHO,534.0,0,0,6542,1,534,0,200000,0,2740,0,10680,534.0,1.0,534.0,1.0,534.0,1.0
142,39,109201,2803259,306118686059,1034218.0,1.8692490641294766,13.0,1.6311994135831298,PM1_256,76.0,1,0,6542,1,1052,0,200000,1,76,1,88,1052.0,13.842105263157896,1052.0,13.842105263157896,1052.0,13.842105263157896
143,40,248627,2397947,596194368769,366273.0,0.4743631788826968,11.0,1.8439459090461627,PM1_256,190.0,0,0,6542,1,1957,0,200000,1,190,1,228,1957.0,10.3,1957.0,10.3,1957.0,10.3
144,32,27851,121271,3377518621,49165.0,0.8459742955888805,14.0,2.3981974424103285,PM1_256,509.0,0,1,3042,1,534,1,32890,1,509,1,547,534.0,1.0491159135559922,534.0,1.0491159135559922,534.0,1.0491159135559922
145,33,13687,550213,7530765331,170490.0,1.9646235853854166,16.0,2.1660399112933355,RHO,144.0,1,1,1617,1,144,0,200000,0,2740,0,10680,144.0,1.0,144.0,1.0,144.0,1.0
146,34,52313,285497,14935204561,164880.0,1.3491566896513476,16.0,2.40669919980979,RHO,534.0,0,1,5348,1,534,1,93392,0,2740,1,803,534.0,1.0,534.0,1.0,534.0,1.0
147,35,18457,1118021,20635313597,278396.0,1.9380164292116622,9.0,0.6015975352186621,RHO,534.0,1,1,2115,1,534,0,200000,0,2740,1,2028,534.0,1.0,534.0,1.0,534.0,1.0
148,36,22129,1569677,34735382333,114457.0,0.6141243490266165,15.0,1.1761251985709915,RHO,275.0,0,1,2481,1,275,0,200000,0,2740,1,1252,275.0,1.0,275.0,1.0,275.0,1.0
149,37,81017,1332973,107993473541,397412.0,1.2093227460298739,11.0,1.499563124994252,PM1_256,144.0,0,0,6542,1,275,0,200000,1,144,1,182,275.0,1.9097222222222223,275.0,1.9097222222222223,182.0,1.2638888888888888
150,38,388351,526453,204448549003,787722.0,1.7421316008025518,9.0,1.331173226072554,RHO,1695.0,1,0,6542,1,1695,1,10486,0,2740,1,2268,1695.0,1.0,1695.0,1.0,1695.0,1.0
151,39,552659,630733,348580269047,1024211.0,1.7347545507874564,5.0,0.6642176235541777,RHO,1695.0,0,0,6542,1,1695,1,2580,0,2740,0,10680,1695.0,1.0,1695.0,1.0,1695.0,1.0
152,40,623221,1249603,778778831263,821007.0,0.9303359236398854,12.0,1.6688958776785723,PM1_256,167.0,0,0,6542,1,1052,1,107856,1,167,1,205,1052.0,6.299401197604791,1052.0,6.299401197604791,1052.0,6.299401197604791
153,32,31547,84629,2669791063,2163.0,0.041861798409033084,14.0,2.0321941545366258,RHO,534.0,1,1,3396,1,534,1,12836,0,2740,0,10680,534.0,1.0,534.0,1.0,534.0,1.0
154,33,36229,129719,4699589651,75842.0,1.106317564924274,11.0,1.6185719638417113,RHO,534.0,1,1,3845,1,534,1,28842,0,2740,1,2126,534.0,1.0,534.0,1.0,2126.0,3.9812734082397006
155,34,108947,125329,13654218563,62362.0,0.5336869824728908,11.0,0.84336478743028,PM1_256,202.0,0,0,6542,1,1101,1,574,1,202,1,240,1101.0,5.4504950495049505,1101.0,5.4504950495049505,1101.0,5.4504950495049505
156,35,48353,683231,33036268543,297979.0,1.6394197567556876,9.0,1.423985336300553,RHO,275.0,0,1,4975,1,275,0,200000,0,2740,0,10680,275.0,1.0,275.0,1.0,10955.0,39.836363636363636
157,36,39887,932941,37212217667,264451.0,1.3708894596761871,14.0,1.3370568405296865,PM1_256,134.0,1,1,4195,1,534,0,200000,1,134,1,172,534.0,3.985074626865672,534.0,3.985074626865672,534.0,3.985074626865672
158,37,46199,1862869,86062684931,248435.0,0.8468477435001939,10.0,1.1682647845596192,RHO,534.0,1,1,4780,1,534,0,200000,0,2740,1,909,534.0,1.0,534.0,1.0,534.0,1.0
159,38,226871,678133,153848711843,416618.0,1.0621628256139408,11.0,1.0228197277031663,PM1_256,103.0,1,0,6542,1,921,1,120534,1,103,1,130,921.0,8.941747572815533,921.0,8.941747572815533,921.0,8.941747572815533
160,39,418273,845909,353820895157,545573.0,0.9171938432245369,9.0,1.055407100297787,RHO,2088.0,1,0,6542,1,2088,1,74526,0,2740,0,10680,2088.0,1.0,2088.0,1.0,2088.0,1.0
161,40,210101,4126823,867049639123,5098.0,0.005474920915435798,11.0,1.296498285107802,PM1_256,525.0,0,0,6542,1,1052,0,200000,1,525,1,563,1052.0,2.0038095238095237,1052.0,2.0038095238095237,1052.0,2.0038095238095237
162,32,1459,2040781,2977499479,51123.0,0.9368940569746562,16.0,2.1853591766029123,PM1_256,26.0,1,1,232,1,144,0,200000,1,26,1,30,144.0,5.538461538461538,144.0,5.538461538461538,144.0,5.538461538461538
163,33,1151,4056739,4669306589,44365.0,0.6492534864258991,13.0,1.3384543554103483,PM1_256,103.0,1,1,190,1,275,0,200000,1,103,1,130,275.0,2.6699029126213594,275.0,2.6699029126213594,275.0,2.6699029126213594
164,34,21221,610993,12965882453,188764.0,1.6577465458227036,6.0,0.6115772278067773,RHO,144.0,0,1,2386,1,144,0,200000,0,2740,0,10680,144.0,1.0,144.0,1.0,144.0,1.0
165,35,16141,1378807,22255323787,54663.0,0.36641775059306625,10.0,1.8188228497609231,RHO,144.0,1,1,1879,1,144,0,200000,0,2740,1,760,144.0,1.0,144.0,1.0,144.0,1.0
166,36,59561,1028747,61273200067,118911.0,0.4803820267781323,14.0,1.8192893569096036,RHO,534.0,1,1,6021,1,534,0,200000,0,2740,0,10680,534.0,1.0,534.0,1.0,534.0,1.0
167,37,238727,348617,83224290559,118363.0,0.41028998229042407,13.0,2.3218060893092165,RHO,953.0,0,0,6542,1,953,1,10372,0,2740,0,10680,953.0,1.0,953.0,1.0,953.0,1.0
168,38,62927,2968457,186796093639,118038.0,0.2731102170652842,14.0,2.282588665952734,RHO,921.0,1,1,6312,1,921,0,200000,0,2740,1,1158,921.0,1.0,921.0,1.0,921.0,1.0
169,39,116443,3698371,430649414353,1101709.0,1.6788232177584967,13.0,1.8809309653184387,PM1_256,335.0,1,0,6542,1,534,0,200000,1,335,1,373,534.0,1.5940298507462687,534.0,1.5940298507462687,534.0,1.5940298507462687
170,40,676703,1270909,860027933027,1687651.0,1.819811321559502,13.0,1.2535456921521924,RHO,1695.0,0,0,6542,1,1695,1,92860,0,2740,1,2126,1695.0,1.0,1695.0,1.0,1695.0,1.0
171,32,42017,99317,4173002389,100785.0,1.5601687812213756,11.0,1.8700235154857427,RHO,275.0,0,1,4394,1,275,1,12138,1,296,1,334,275.0,1.0,275.0,1.0,275.0,1.0
172,33,2069,4012621,8302112849,169624.0,1.861628350557988,10.0,1.4202131504269095,PM1_256,167.0,0,1,312,1,275,0,200000,1,167,1,205,275.0,1.6467065868263473,275.0,1.6467065868263473,205.0,1.2275449101796407
173,34,103357,124643,12882726551,22547.0,0.198648308130396,11.0,1.3402148977111055,PM1_256,113.0,0,0,6542,1,534,1,996,1,113,1,146,534.0,4.725663716814159,534.0,4.725663716814159,534.0,4.725663716814159
174,35,51481,533089,27443954809,56565.0,0.341447898169987,11.0,1.6870642585806044,PM1_256,76.0,0,1,5269,1,550,0,200000,1,76,1,88,550.0,7.2368421052631575,550.0,7.2368421052631575,88.0,1.1578947368421053
175,36,115301,394153,45446235053,96292.0,0.4516908072842011,11.0,1.067554093768188,RHO,534.0,0,0,6542,1,534,1,83092,0,2740,0,10680,534.0,1.0,534.0,1.0,534.0,1.0
176,37,266269,305719,81403492411,555067.0,1.9454670941834438,10.0,1.7006177751737084,RHO,534.0,0,0,6542,1,534,1,1364,1,682,1,720,534.0,1.0,534.0,1.0,534.0,1.0
177,38,167173,864641,144544629893,193793.0,0.5097263738906029,11.0,0.9727039138008032,PM1_256,537.0,1,0,6542,1,921,0,200000,1,537,1,575,921.0,1.7150837988826815,921.0,1.7150837988826815,921.0,1.7150837988826815
178,39,95443,4170977,398090557811,226675.0,0.35926316038345973,13.0,1.6299507327805676,RHO,1695.0,0,0,6542,1,1695,0,200000,0,2740,0,10680,1695.0,1.0,1695.0,1.0,1695.0,1.0
179,40,678047,881327,597581128369,1109280.0,1.43496974958434,13.0,2.362920900865662,RHO,1695.0,0,0,6542,1,1695,1,13308,0,2740,0,10680,1695.0,1.0,1695.0,1.0,1695.0,1.0
180,32,6857,592547,4063094779,52215.0,0.8191563567248236,13.0,2.206231487801447,RHO,275.0,1,1,882,1,275,0,200000,0,2740,1,2231,275.0,1.0,275.0,1.0,275.0,1.0
181,33,34141,126131,4306238471,122830.0,1.8717826336446282,9.0,1.0785785045820677,RHO,379.0,1,1,3648,1,379,1,29030,0,2740,1,1498,379.0,1.0,379.0,1.0,379.0,1.0
182,34,4099,3958847,16227313853,120857.0,0.9487427970319703,10.0,1.1645281985730154,RHO,144.0,1,1,565,1,144,0,200000,0,2740,1,1819,144.0,1.0,144.0,1.0,144.0,1.0
183,35,46027,642253,29560978831,22342.0,0.12994591821830348,11.0,1.7041733980744187,RHO,77.0,1,1,4763,1,77,0,200000,1,495,1,533,77.0,1.0,77.0,1.0,77.0,1.0
184,36,251527,253741,63822712507,290346.0,1.1492862695780968,11.0,1.726286744986085,FERMAT,6.0,1,0,6542,1,1109,1,6,1,309,1,347,1109.0,184.83333333333334,1109.0,184.83333333333334,1109.0,184.83333333333334
185,37,183511,688063,126267129193,613593.0,1.7267729755325443,15.0,1.8771408889464232,RHO,534.0,0,0,6542,1,534,1,160894,0,2740,0,10680,534.0,1.0,534.0,1.0,534.0,1.0
186,38,65257,2607581,170162913317,63253.0,0.15333760374050576,14.0,0.9763340627882272,RHO,534.0,0,1,6519,1,534,0,200000,0,2740,0,10680,534.0,1.0,534.0,1.0,534.0,1.0
187,39,84653,3951413,334498964689,988525.0,1.7091897048786342,14.0,2.1969593553542177,RHO,534.0,1,0,6542,1,534,0,200000,0,2740,0,10680,534.0,1.0,534.0,1.0,534.0,1.0
188,40,482759,2028749,979396838491,1591755.0,1.608410404658099,14.0,2.2645840076496206,RHO,921.0,1,0,6542,1,921,0,200000,0,2740,1,2249,921.0,1.0,921.0,1.0,921.0,1.0
189,32,1933,1661969,3212586077,77036.0,1.3591467096203833,13.0,1.2111695120383554,RHO,77.0,1,1,295,1,77,0,200000,1,103,1,130,77.0,1.0,77.0,1.0,77.0,1.0
190,33,1087,4076783,4431463121,31360.0,0.4710884801878593,14.0,1.469754341594946,RHO,77.0,0,1,181,1,77,0,200000,1,509,1,547,77.0,1.0,77.0,1.0,547.0,7.103896103896104
191,34,4007,3239737,12981626159,214063.0,1.8787848886778125,11.0,1.0583183437134762,RHO,275.0,0,1,553,1,275,0,200000,0,2740,0,10680,275.0,1.0,275.0,1.0,275.0,1.0
192,35,86027,328847,28289720869,162844.0,0.9681829502078718,11.0,2.167642057497048,RHO,534.0,0,0,6542,1,534,1,78484,0,2740,1,818,534.0,1.0,534.0,1.0,534.0,1.0
193,36,108217,384589,41619067813,211764.0,1.038020564274602,12.0,1.8198466011738617,PM1_256,467.0,0,0,6542,1,534,1,84792,1,467,1,505,534.0,1.1434689507494646,534.0,1.1434689507494646,534.0,1.1434689507494646
194,37,123707,708859,87690820313,212437.0,0.7173863243290862,7.0,0.5700292708743986,RHO,1052.0,1,0,6542,1,1052,0,200000,0,2740,0,10680,1052.0,1.0,1052.0,1.0,1052.0,1.0
195,38,273719,831707,227654008333,17172.0,0.03599011456467053,15.0,1.7218805816440794,PM1_1024,1390.0,0,0,6542,1,1695,1,151164,0,2740,1,1390,1695.0,1.2194244604316546,1695.0,1.2194244604316546,1695.0,1.2194244604316546
196,39,149899,1914719,287014463381,330212.0,0.6163692446936135,9.0,1.3853344131592344,PM1_256,261.0,0,0,6542,1,534,0,200000,1,261,1,299,534.0,2.045977011494253,534.0,2.045977011494253,534.0,2.045977011494253
197,40,671261,984017,660532235437,557076.0,0.6854368359126483,9.0,1.6792567501075961,RHO,1695.0,1,0,6542,1,1695,1,29816,0,2740,0,10680,1695.0,1.0,1695.0,1.0,1695.0,1.0
198,32,4339,976477,4236933703,95422.0,1.4659618913800139,8.0,1.3897068926709069,RHO,275.0,1,1,593,1,275,0,200000,1,666,1,704,275.0,1.0,275.0,1.0,275.0,1.0
199,33,10753,489449,5263045097,122981.0,1.6951942650154137,10.0,0.9728680378407945,PM1_256,50.0,0,1,1311,1,275,0,200000,1,50,1,62,275.0,5.5,275.0,5.5,275.0,5.5
200,34,66179,176551,11683968629,88165.0,0.8156447041523034,14.0,1.6313107134600104,PM1_256,322.0,0,0,6542,1,534,1,26546,1,322,1,360,534.0,1.6583850931677018,534.0,1.6583850931677018,360.0,1.1180124223602483
201,35,25243,886537,22378853491,189466.0,1.2665209262386719,11.0,2.3081546782357862,RHO,921.0,1,1,2785,1,921,0,200000,0,2740,1,1593,921.0,1.0,921.0,1.0,921.0,1.0
202,36,67493,747049,50420578157,121132.0,0.5394546950242873,9.0,0.9505488899154971,RHO,534.0,0,0,6542,1,534,0,200000,0,2740,1,985,534.0,1.0,534.0,1.0,534.0,1.0
203,37,30851,3480643,107381317193,581093.0,1.7732961875803,9.0,0.7007957645291915,RHO,144.0,1,1,3326,1,144,0,200000,0,2740,1,1643,144.0,1.0,144.0,1.0,144.0,1.0
204,38,70783,3367811,238383766013,585988.0,1.2001910511531664,10.0,1.0636223050434923,PM1_256,682.0,0,0,6542,1,921,0,200000,1,682,1,720,921.0,1.3504398826979471,921.0,1.3504398826979471,921.0,1.3504398826979471
205,39,620183,871061,540217224163,1044127.0,1.4205911761998975,15.0,1.9819806739043184,RHO,921.0,1,0,6542,1,921,1,21256,0,2740,1,1221,921.0,1.0,921.0,1.0,921.0,1.0
206,40,362561,2398789,869707338629,17068.0,0.018301895312600527,11.0,1.4341926545084223,PM1_256,309.0,1,0,6542,1,1052,0,200000,1,309,1,347,1052.0,3.4045307443365695,1052.0,3.4045307443365695,1052.0,3.4045307443365695
207,32,47843,50527,2417363261,67705.0,1.3770502351154479,12.0,1.4764210707894996,FERMAT,38.0,1,1,4932,1,275,1,38,0,2740,1,1096,275.0,7.2368421052631575,275.0,7.2368421052631575,1096.0,28.842105263157894
208,33,3623,2212241,8014949143,44467.0,0.49669232008800224,9.0,1.4313788932622236,TD,507.0,0,1,507,1,534,0,200000,0,2740,0,10680,534.0,1.0532544378698225,534.0,1.0532544378698225,11214.0,22.118343195266274
209,34,56299,271981,15312258319,175755.0,1.420326092466593,14.0,2.193485226974622,RHO,622.0,0,1,5710,1,622,1,80796,0,2740,1,2214,622.0,1.0,622.0,1.0,622.0,1.0
210,35,4397,4074593,17915985421,162921.0,1.217185350976665,11.0,1.9180727860115756,RHO,77.0,0,1,599,1,77,0,200000,1,440,1,478,77.0,1.0,77.0,1.0,77.0,1.0
211,36,12893,2976733,38379018569,249544.0,1.2737969358585248,11.0,1.2762951689672863,RHO,534.0,0,1,1534,1,534,0,200000,0,2740,1,832,534.0,1.0,534.0,1.0,534.0,1.0
212,37,303817,326497,99195339049,576745.0,1.83121022673968,12.0,2.3239780046195904,FERMAT,410.0,0,0,6542,1,534,1,410,1,495,1,533,534.0,1.302439024390244,534.0,1.302439024390244,534.0,1.302439024390244
213,38,386489,608471,235167348319,544719.0,1.1232696191947789,15.0,2.314308795584071,RHO,921.0,0,0,6542,1,921,1,25080,0,2740,1,2231,921.0,1.0,921.0,1.0,921.0,1.0
214,39,605503,846919,512811995257,1327593.0,1.8538981292343486,12.0,1.8779532628564684,RHO,1826.0,1,0,6542,1,1826,1,20206,0,2740,0,10680,1826.0,1.0,1826.0,1.0,1826.0,1.0
215,40,269179,3482887,937520039773,358237.0,0.3699816283676949,13.0,2.0543164655945167,PM1_256,113.0,0,0,6542,1,1052,0,200000,1,113,1,146,1052.0,9.309734513274336,1052.0,9.309734513274336,1052.0,9.309734513274336
216,32,2383,1557427,3711348541,102141.0,1.6766184252406022,15.0,2.005764681805118,RHO,144.0,0,1,354,1,144,0,200000,0,2740,1,1082,144.0,1.0,144.0,1.0,144.0,1.0
217,33,4261,1620403,6904537183,90534.0,1.0895431197086327,11.0,1.5783097935944488,PM1_256,225.0,1,1,585,1,275,0,200000,1,225,1,263,275.0,1.2222222222222223,275.0,1.2222222222222223,263.0,1.1688888888888889
218,34,7487,2270483,16999106221,161821.0,1.2411430417252798,11.0,1.8486526304879418,RHO,144.0,1,1,948,1,144,0,200000,1,550,1,588,144.0,1.0,144.0,1.0,144.0,1.0
219,35,18911,1778321,33629828431,136975.0,0.7469284182299709,12.0,2.1077714586792133,PM1_256,202.0,0,1,2151,1,275,0,200000,1,202,1,240,275.0,1.3613861386138615,275.0,1.3613861386138615,275.0,1.3613861386138615
220,36,80369,488153,39232368457,247416.0,1.2491238992255917,11.0,1.6891832759604015,RHO,542.0,1,0,6542,1,542,1,172380,0,2740,1,1035,542.0,1.0,542.0,1.0,1035.0,1.9095940959409594
221,37,36269,3382189,122668612841,555241.0,1.5853121956121494,8.0,1.159538535881835,RHO,534.0,1,1,3849,1,534,0,200000,0,2740,0,10680,534.0,1.0,534.0,1.0,534.0,1.0
222,38,300869,635867,191312668423,31974.0,0.0731013009538328,12.0,1.6223467128778624,RHO,921.0,0,0,6542,1,921,1,61950,0,2740,0,10680,921.0,1.0,921.0,1.0,11601.0,12.596091205211726
223,39,240881,1265623,304864533863,432838.0,0.7839203338513361,14.0,1.187518124158443,RHO,921.0,1,0,6542,1,921,0,200000,0,2740,0,10680,921.0,1.0,921.0,1.0,921.0,1.0
224,40,215309,3941933,848733652297,767008.0,0.8325573947878453,10.0,1.450746006138635,RHO,921.0,1,0,6542,1,921,0,200000,0,2740,0,10680,921.0,1.0,921.0,1.0,921.0,1.0
225,32,1913,1810097,3462715561,99225.0,1.6862140291438263,12.0,1.9572521001586225,RHO,144.0,1,1,293,1,144,0,200000,1,652,1,690,144.0,1.0,144.0,1.0,144.0,1.0
226,33,65927,82301,5425858027,62427.0,0.8474971609183837,9.0,1.6327322508741535,RHO,534.0,0,0,6542,1,534,1,908,0,2740,1,789,534.0,1.0,534.0,1.0,789.0,1.4775280898876404
227,34,42863,243577,10440440951,97267.0,0.9519323818367448,13.0,1.2385169591987062,RHO,144.0,0,1,4483,1,144,1,82084,1,564,1,602,144.0,1.0,144.0,1.0,144.0,1.0
228,35,100829,219353,22117143637,100113.0,0.6731718650033196,11.0,1.7420729639613983,PM1_1024,789.0,0,0,6542,1,921,1,22746,0,2740,1,789,921.0,1.167300380228137,921.0,1.167300380228137,921.0,1.167300380228137
229,36,185821,250253,46502262713,359264.0,1.6660063726098358,10.0,1.2304449014768366,PM1_256,93.0,1,0,6542,1,921,1,4788,1,93,1,116,921.0,9.903225806451612,921.0,9.903225806451612,921.0,9.903225806451612
230,37,93893,1338049,125633434757,50053.0,0.14121391580517875,11.0,0.8468678805779196,PM1_256,296.0,1,0,6542,1,534,0,200000,1,296,1,334,534.0,1.804054054054054,534.0,1.804054054054054,534.0,1.804054054054054
231,38,308681,884693,273087919933,153849.0,0.2944038146710938,13.0,1.668747274737044,RHO,1957.0,0,0,6542,1,1957,1,148218,0,2740,0,10680,1957.0,1.0,1957.0,1.0,1957.0,1.0
232,39,436087,1084987,473148725869,97705.0,0.1420423836198461,9.0,2.0042187483126703,PM1_256,335.0,1,0,6542,1,1695,1,145358,1,335,1,373,1695.0,5.059701492537314,1695.0,5.059701492537314,1695.0,5.059701492537314
233,40,392923,1751551,688224673573,127924.0,0.15420090105755532,10.0,1.2583418354393285,PM1_1024,746.0,1,0,6542,1,1826,0,200000,0,2740,1,746,1826.0,2.447721179624665,1826.0,2.447721179624665,1826.0,2.447721179624665
234,32,35993,70991,2555179063,78759.0,1.5580791759374701,11.0,1.4665011205790761,RHO,275.0,1,1,3823,1,275,1,5888,1,622,1,660,275.0,1.0,275.0,1.0,660.0,2.4
235,33,2287,3494861,7992747107,29503.0,0.3300031939877825,11.0,1.3370118941354687,RHO,144.0,0,1,340,1,144,0,200000,1,362,1,400,144.0,1.0,144.0,1.0,144.0,1.0
236,34,57839,286733,16584349987,61587.0,0.4782333098799852,12.0,1.7689155253846325,RHO,534.0,0,1,5860,1,534,1,87012,1,652,1,690,534.0,1.0,534.0,1.0,534.0,1.0
237,35,72949,448883,32745565967,130118.0,0.7190533744528564,13.0,1.4881645970883972,RHO,534.0,0,0,6542,1,534,1,159918,0,2740,0,10680,534.0,1.0,534.0,1.0,11214.0,21.0
238,36,24809,2249141,55798939069,467980.0,1.9811361483113672,15.0,2.2212257826715907,RHO,275.0,1,1,2744,1,275,0,200000,0,2740,1,1207,275.0,1.0,275.0,1.0,275.0,1.0
239,37,138101,846751,116937159851,518251.0,1.5155276979372616,9.0,1.3951381114610317,RHO,1699.0,1,0,6542,1,1699,0,200000,0,2740,0,10680,1699.0,1.0,1699.0,1.0,1699.0,1.0
240,38,197441,1211669,239233139029,634033.0,1.2962870819877246,13.0,2.1301589144997832,PM1_256,412.0,0,0,6542,1,921,0,200000,1,412,1,450,921.0,2.2354368932038833,921.0,2.2354368932038833,921.0,2.2354368932038833
241,39,605543,788897,477711056071,616515.0,0.891992086090651,10.0,2.0352650849304537,PM1_256,467.0,0,0,6542,1,1052,1,12108,1,467,1,505,1052.0,2.252676659528908,1052.0,2.252676659528908,1052.0,2.252676659528908
242,40,711913,906707,645496500491,1556162.0,1.9369029472526513,7.0,0.9042997592950283,RHO,534.0,1,0,6542,1,534,1,11766,0,2740,1,2231,534.0,1.0,534.0,1.0,534.0,1.0
243,32,10987,359581,3950716447,91131.0,1.4498671355296944,8.0,1.3204642332120502,RHO,275.0,1,1,1334,1,275,0,200000,0,2740,1,1252,275.0,1.0,275.0,1.0,275.0,1.0
244,33,10949,420857,4607963293,133132.0,1.9612273947004573,13.0,1.5408691110151993,PM1_256,103.0,1,1,1330,1,144,0,200000,1,103,1,130,144.0,1.3980582524271845,144.0,1.3980582524271845,130.0,1.2621359223300972
245,34,53917,297487,16039606579,143970.0,1.1367766616497892,12.0,1.8554534494512236,RHO,921.0,0,1,5493,1,921,1,98110,0,2740,1,2059,921.0,1.0,921.0,1.0,921.0,1.0
246,35,77153,267521,20640047713,128157.0,0.8920454535299709,8.0,1.3143613735919049,PM1_256,93.0,1,0,6542,1,534,1,57342,1,93,1,116,534.0,5.741935483870968,534.0,5.741935483870968,534.0,5.741935483870968
247,36,189229,221587,41930686423,343062.0,1.6753541629413817,8.0,1.17149646702347,RHO,144.0,0,0,6542,1,144,1,1278,0,2740,0,10680,144.0,1.0,144.0,1.0,144.0,1.0
248,37,61729,1793417,110705837993,577817.0,1.7366210194387834,10.0,1.3425664836582387,RHO,921.0,1,1,6212,1,921,0,200000,0,2740,1,1707,921.0,1.0,921.0,1.0,921.0,1.0
249,38,71473,3788683,270788540059,480930.0,0.9242016263823974,14.0,2.285620380199239,RHO,275.0,0,0,6542,1,275,0,200000,0,2740,0,10680,275.0,1.0,275.0,1.0,275.0,1.0
250,39,140717,2246527,316124539859,601858.0,1.0704464162176586,13.0,1.5183843632853986,RHO,275.0,1,0,6542,1,275,0,200000,0,2740,1,789,275.0,1.0,275.0,1.0,275.0,1.0
251,40,854419,1041269,889680017711,957727.0,1.0153711345619414,15.0,1.8712699150083267,RHO,3243.0,1,0,6542,1,3243,1,9232,0,2740,0,10680,3243.0,1.0,3243.0,1.0,3243.0,1.0
252,32,16069,195731,3145201439,10715.0,0.19105919453971945,13.0,1.5264259424850246,PM1_256,134.0,0,1,1870,1,275,1,99636,1,134,1,172,275.0,2.0522388059701493,275.0,2.0522388059701493,172.0,1.2835820895522387
253,33,40639,182921,7433726519,10558.0,0.12245552027186717,11.0,1.4424835834330398,RHO,275.0,0,1,4260,1,275,1,51122,0,2740,1,760,275.0,1.0,275.0,1.0,760.0,2.7636363636363637
254,34,53017,289381,15342112477,69708.0,0.5627817963245277,14.0,1.6677391908690424,PM1_256,178.0,1,1,5410,1,275,1,94672,1,178,1,216,275.0,1.5449438202247192,275.0,1.5449438202247192,216.0,1.2134831460674158
255,35,12197,2148547,26205827759,45835.0,0.2831380877206491,10.0,1.1827517699001269,RHO,275.0,0,1,1458,1,275,0,200000,0,2740,1,2162,275.0,1.0,275.0,1.0,275.0,1.0
256,36,140989,359657,50707680773,297284.0,1.3201845989929748,11.0,1.1432750010352586,PM1_256,213.0,1,0,6542,1,1695,1,50280,1,213,1,251,1695.0,7.957746478873239,1695.0,7.957746478873239,1695.0,7.957746478873239
257,37,114217,1137677,129942053909,549233.0,1.523637874749876,12.0,1.2705131758791774,RHO,534.0,0,0,6542,1,534,0,200000,0,2740,0,10680,534.0,1.0,534.0,1.0,534.0,1.0
258,38,228733,1143763,261616342279,460023.0,0.8993880464499244,12.0,1.8047561750618428,PM1_256,362.0,0,0,6542,1,1695,0,200000,1,362,1,400,1695.0,4.68232044198895,1695.0,4.68232044198895,1695.0,4.68232044198895
259,39,349871,993451,347579694821,1059457.0,1.7970333458868277,16.0,1.7628189769414013,PM1_256,495.0,1,0,6542,1,534,1,164206,1,495,1,533,534.0,1.0787878787878789,534.0,1.0787878787878789,534.0,1.0787878787878789
260,40,258109,3284161,847671511549,1435449.0,1.5591000060857303,16.0,2.35363226530955,PM1_256,440.0,1,0,6542,1,1695,0,200000,1,440,1,478,1695.0,3.852272727272727,1695.0,3.852272727272727,1695.0,3.852272727272727
261,32,53597,58661,3144053617,96576.0,1.7223612335164362,12.0,1.696238253964498,FERMAT,116.0,0,1,5461,1,670,1,116,0,2740,1,1126,670.0,5.775862068965517,670.0,5.775862068965517,670.0,5.775862068965517
262,33,3761,1288649,4846608889,82200.0,1.1807360691815478,14.0,2.140800434679134,RHO,42.0,0,1,523,1,42,0,200000,1,167,1,205,42.0,1.0,42.0,1.0,42.0,1.0
263,34,37831,373837,14142627547,185463.0,1.5595245954283592,14.0,1.758508042123703,PM1_256,284.0,1,1,4001,1,534,1,173824,1,284,1,322,534.0,1.880281690140845,534.0,1.880281690140845,534.0,1.880281690140845
264,35,31079,1015907,31573373653,348309.0,1.9602172277751526,14.0,1.5346172509609894,RHO,534.0,1,1,3348,1,534,0,200000,0,2740,1,1035,534.0,1.0,534.0,1.0,1035.0,1.9382022471910112
265,36,81559,472597,38544538723,247794.0,1.2621453161985885,13.0,1.6536169090775672,PM1_256,550.0,0,0,6542,1,921,1,161502,1,550,1,588,921.0,1.6745454545454546,921.0,1.6745454545454546,588.0,1.069090909090909
266,37,104947,1033829,108497252063,138742.0,0.42120991074710196,8.0,0.7920346422627749,PM1_256,594.0,1,0,6542,1,921,0,200000,1,594,1,632,921.0,1.5505050505050506,921.0,1.5505050505050506,921.0,1.5505050505050506
267,38,334057,514823,171980226911,819295.0,1.975609226054653,16.0,1.643347449317051,RHO,534.0,1,0,6542,1,534,1,19472,0,2740,1,1221,534.0,1.0,534.0,1.0,1221.0,2.2865168539325844
268,39,175853,2424511,426357532883,771283.0,1.1812091129199342,10.0,1.0538004147073352,PM1_256,249.0,0,0,6542,1,3374,0,200000,1,249,1,287,3374.0,13.550200803212851,3374.0,13.550200803212851,3374.0,13.550200803212851
269,40,825193,1066531,880093915483,389794.0,0.41549962924235634,13.0,1.722061738461611,PM1_256,440.0,0,0,6542,1,1695,1,15458,1,440,1,478,1695.0,3.852272727272727,1695.0,3.852272727272727,1695.0,3.852272727272727
270,32,8087,400679,3240291073,63144.0,1.1092771770475,10.0,1.3363795343764475,RHO,275.0,1,1,1016,1,275,0,200000,0,2740,1,863,275.0,1.0,275.0,1.0,275.0,1.0
271,33,6947,657529,4567853963,121738.0,1.8012336726761795,13.0,1.175979973261578,RHO,275.0,0,1,891,1,275,0,200000,1,426,1,464,275.0,1.0,275.0,1.0,275.0,1.0
272,34,93629,97711,9148583219,43315.0,0.4528573254014725,12.0,1.3217060038831823,FERMAT,44.0,1,0,6542,1,275,1,44,0,2740,1,746,275.0,6.25,275.0,6.25,275.0,6.25
273,35,28711,861437,24732717707,122951.0,0.7818008621909766,11.0,1.1187766469990643,PM1_256,113.0,0,1,3128,1,275,0,200000,1,113,1,146,275.0,2.433628318584071,275.0,2.433628318584071,275.0,2.433628318584071
274,36,116579,441569,51477672451,415455.0,1.8311104409875176,13.0,2.238532996609141,RHO,534.0,1,0,6542,1,534,1,104376,0,2740,1,1996,534.0,1.0,534.0,1.0,534.0,1.0
275,37,79319,972473,77135585887,522063.0,1.8797302194351455,12.0,1.6894269106039592,RHO,534.0,1,0,6542,1,534,0,200000,0,2740,0,10680,534.0,1.0,534.0,1.0,534.0,1.0
276,38,265757,721621,191775832097,154013.0,0.3516903424740915,12.0,0.9334948979107932,PM1_1024,287.0,0,0,6542,1,921,1,111534,1,578,1,287,921.0,3.2090592334494774,921.0,3.2090592334494774,921.0,3.2090592334494774
277,39,490283,774217,379585433411,62386.0,0.10125870569681637,12.0,1.4807290624461493,RHO,144.0,0,0,6542,1,144,1,32290,1,481,1,519,144.0,1.0,144.0,1.0,144.0,1.0
278,40,633067,1023389,647873804063,135227.0,0.16800345119482207,10.0,0.6111802669539912,RHO,275.0,1,0,6542,1,275,1,46644,0,2740,0,10680,275.0,1.0,275.0,1.0,275.0,1.0
279,32,6733,508223,3421865459,83443.0,1.4264562124783668,13.0,1.517308044910724,PM1_256,84.0,1,1,868,1,534,0,200000,1,84,1,101,534.0,6.357142857142857,534.0,6.357142857142857,101.0,1.2023809523809523
280,33,29669,272807,8093910883,29727.0,0.33042422037066416,11.0,1.8123365992058613,RHO,144.0,1,1,3219,1,144,1,122544,0,2740,0,10680,144.0,1.0,144.0,1.0,144.0,1.0
281,34,37097,356927,13240920919,46158.0,0.40113253392551423,13.0,2.053776945862579,RHO,1052.0,0,1,3933,1,1052,1,163886,0,2740,1,2590,1052.0,1.0,1052.0,1.0,1052.0,1.0
282,35,5801,3389521,19662611321,121592.0,0.8671303854707577,11.0,1.286173758560197,PM1_256,113.0,1,1,761,1,534,0,200000,1,113,1,146,534.0,4.725663716814159,534.0,4.725663716814159,534.0,4.725663716814159
283,36,90823,525583,47735024809,203520.0,0.9315121366060848,14.0,1.9582872634584438,RHO,1695.0,1,0,6542,1,1695,1,179440,0,2740,0,10680,1695.0,1.0,1695.0,1.0,1695.0,1.0
284,37,233143,401917,93704135131,190810.0,0.6233353447815501,14.0,2.0906033225412473,PM1_256,202.0,0,0,6542,1,1052,1,22838,1,202,1,240,1052.0,5.207920792079208,1052.0,5.207920792079208,1052.0,5.207920792079208
285,38,60331,3845983,232032000373,564.0,0.0011708605187795292,9.0,1.322280715901455,RHO,534.0,1,1,6087,1,534,0,200000,0,2740,0,10680,534.0,1.0,200534.0,375.53183520599254,534.0,1.0
286,39,374333,895633,335264987789,827389.0,1.4289454233996384,14.0,1.6206076345616218,RHO,1052.0,1,0,6542,1,1052,1,111926,0,2740,1,1082,1052.0,1.0,1052.0,1.0,1052.0,1.0
287,40,799637,1289077,1030793665049,186649.0,0.18383990928752966,13.0,1.6553974600208645,PM1_256,273.0,0,0,6542,1,1695,1,58154,1,273,1,311,1695.0,6.208791208791209,1695.0,6.208791208791209,1695.0,6.208791208791209
288,32,2003,1967039,3939979117,31756.0,0.505916487820354,11.0,1.8100719712995268,PM1_256,76.0,0,1,304,1,275,0,200000,1,76,1,88,275.0,3.6184210526315788,275.0,3.6184210526315788,275.0,3.6184210526315788
289,33,5419,1058489,5735951891,10195.0,0.1346122179646583,11.0,1.0429903575715158,PM1_256,50.0,1,1,716,1,275,0,200000,1,50,1,62,275.0,5.5,275.0,5.5,275.0,5.5
290,34,9973,1005593,10028778989,158540.0,1.5831236017982098,14.0,1.3561738311197562,RHO,144.0,0,1,1229,1,144,0,200000,0,2740,1,789,144.0,1.0,144.0,1.0,144.0,1.0
291,35,8543,2597611,22191390773,223684.0,1.5015598935073018,8.0,0.67388013906491,RHO,275.0,1,1,1066,1,275,0,200000,0,2740,0,10680,275.0,1.0,275.0,1.0,275.0,1.0
292,36,131933,347209,45808324997,340213.0,1.589566489603425,13.0,1.100612510070962,PM1_256,134.0,1,0,6542,1,1101,1,51086,1,134,1,172,1101.0,8.216417910447761,1101.0,8.216417910447761,1101.0,8.216417910447761
293,37,37649,3551447,133708428103,461182.0,1.2612261210619944,16.0,1.7118048768262986,PM1_256,509.0,0,1,3988,1,921,0,200000,1,509,1,547,921.0,1.8094302554027506,921.0,1.8094302554027506,921.0,1.8094302554027506
294,38,223103,647893,144546871979,154730.0,0.4069772909672723,13.0,1.627846456994362,RHO,534.0,0,0,6542,1,534,1,110610,0,2740,1,2231,534.0,1.0,534.0,1.0,2231.0,4.177902621722846
295,39,521491,887651,462902007641,31480.0,0.046269008331639765,10.0,1.2548889203750089,PM1_1024,1173.0,1,0,6542,1,1695,1,48404,0,2740,1,1173,1695.0,1.4450127877237853,1695.0,1.4450127877237853,1695.0,1.4450127877237853
296,40,739759,789097,583741607623,1294782.0,1.6946746315102572,10.0,1.551391923267741,PM1_256,202.0,0,0,6542,1,1826,1,798,1,202,1,240,1826.0,9.03960396039604,1826.0,9.03960396039604,1826.0,9.03960396039604
297,32,42943,85297,3662909071,117630.0,1.9435916658771994,12.0,1.925471846714935,RHO,534.0,0,1,4489,1,534,1,7198,0,2740,1,1141,534.0,1.0,534.0,1.0,534.0,1.0
298,33,8923,886511,7910337653,14053.0,0.15800525654558026,10.0,1.2186279634092851,RHO,275.0,1,1,1109,1,275,0,200000,0,2740,0,10680,275.0,1.0,275.0,1.0,275.0,1.0
299,34,13687,914791,12520744417,29601.0,0.2645399747022254,15.0,1.8241071281005754,RHO,534.0,1,1,1617,1,534,0,200000,0,2740,0,10680,534.0,1.0,534.0,1.0,534.0,1.0
300,35,6211,4049327,25150369997,216253.0,1.363609291263222,10.0,1.3133263242383357,PM1_256,103.0,1,1,808,1,144,0,200000,1,103,1,130,144.0,1.3980582524271845,144.0,1.3980582524271845,144.0,1.3980582524271845
301,36,28921,1679521,48573426841,352392.0,1.5989197557340247,18.0,2.4764409722448715,RHO,534.0,1,1,3148,1,534,0,200000,1,666,1,704,534.0,1.0,534.0,1.0,534.0,1.0
302,37,67699,1048517,70983552383,206054.0,0.7733964685588703,10.0,1.056005817004631,RHO,1052.0,0,0,6542,1,1052,0,200000,0,2740,0,10680,1052.0,1.0,1052.0,1.0,1052.0,1.0
303,38,158029,1567667,247736848343,699982.0,1.4063440113184882,12.0,0.9286935129624496,RHO,921.0,1,0,6542,1,921,0,200000,0,2740,1,2627,921.0,1.0,921.0,1.0,921.0,1.0
304,39,619363,653641,404841050683,265242.0,0.4168694048761226,13.0,1.742702565915308,FERMAT,462.0,0,0,6542,1,921,1,462,0,2740,1,1126,921.0,1.9935064935064934,921.0,1.9935064935064934,921.0,1.9935064935064934
305,40,429017,1385843,594550206331,1261431.0,1.635947011085866,15.0,2.4305574714500793,PM1_256,453.0,1,0,6542,1,1695,0,200000,1,453,1,491,1695.0,3.7417218543046356,1695.0,3.7417218543046356,1695.0,3.7417218543046356
306,32,13873,178091,2470656443,69418.0,1.3965803193814603,11.0,0.7539872580974935,PM1_1024,101.0,1,1,1638,1,275,1,92554,0,2740,1,101,275.0,2.722772277227723,275.0,2.722772277227723,275.0,2.722772277227723
307,33,22349,349109,7802237041,48141.0,0.5450113379496395,8.0,2.115464540934598,PM1_256,426.0,0,1,2502,1,886,1,194798,1,426,1,464,886.0,2.07981220657277,886.0,2.07981220657277,886.0,2.07981220657277
308,34,3449,2574031,8877832919,47635.0,0.5055599775464661,7.0,1.1831210565288914,RHO,144.0,1,1,482,1,144,0,200000,0,2740,1,985,144.0,1.0,144.0,1.0,144.0,1.0
309,35,67601,393853,26624856653,81412.0,0.4989359354993901,9.0,0.7299781515593698,PM1_256,76.0,0,0,6542,1,534,1,135112,1,76,1,88,534.0,7.026315789473684,534.0,7.026315789473684,534.0,7.026315789473684
310,36,221567,294529,65257906943,139007.0,0.5441518380829172,12.0,0.9648844120457458,PM1_256,190.0,1,0,6542,1,921,1,5184,1,190,1,228,921.0,4.847368421052631,921.0,4.847368421052631,921.0,4.847368421052631
311,37,274349,320851,88025150999,194899.0,0.6569105269276361,11.0,1.4636368277127996,PM1_256,124.0,0,0,6542,1,1695,1,1820,1,124,1,162,1695.0,13.669354838709678,1695.0,13.669354838709678,162.0,1.3064516129032258
312,38,332309,726527,241431460843,742107.0,1.510322168575528,9.0,1.475448101450691,PM1_256,374.0,1,0,6542,1,1826,1,76124,1,374,1,412,1826.0,4.882352941176471,1826.0,4.882352941176471,1826.0,4.882352941176471
313,39,130099,2569201,334250480899,1152450.0,1.9933615269115064,11.0,1.9337340077689604,RHO,921.0,1,0,6542,1,921,0,200000,0,2740,0,10680,921.0,1.0,921.0,1.0,921.0,1.0
314,40,590713,965467,570313907971,461490.0,0.6110901921293431,7.0,1.6397279111756786,PM1_256,453.0,0,0,6542,1,1052,1,45798,1,453,1,491,1052.0,2.322295805739514,1052.0,2.322295805739514,1052.0,2.322295805739514
315,32,11471,328373,3766766683,121554.0,1.9805458215062244,11.0,1.9770867635079543,PM1_256,124.0,0,1,1383,1,534,0,200000,1,124,1,162,534.0,4.306451612903226,534.0,4.306451612903226,534.0,4.306451612903226
316,33,28817,172987,4984966379,41563.0,0.5886752412096911,11.0,1.3935630937511114,RHO,534.0,0,1,3139,1,534,1,60596,0,2740,0,10680,534.0,1.0,534.0,1.0,534.0,1.0
317,34,21191,771349,16345656659,34159.0,0.2671800102260651,12.0,1.279248068696154,RHO,275.0,0,1,2383,1,275,0,200000,1,453,1,491,275.0,1.0,275.0,1.0,275.0,1.0
318,35,42433,472103,20032746599,24230.0,0.1711918816045656,13.0,1.2732056463509893,PM1_256,84.0,1,1,4436,1,534,0,200000,1,84,1,101,534.0,6.357142857142857,534.0,6.357142857142857,534.0,6.357142857142857
319,36,58603,627449,36770393747,30211.0,0.15754911235703734,9.0,0.7052682809759907,RHO,1108.0,0,1,5931,1,1108,0,200000,0,2740,1,1924,1108.0,1.0,1108.0,1.0,1108.0,1.0
320,37,297911,417217,124293533687,620983.0,1.7613896637979323,13.0,1.3533285541041098,PM1_256,178.0,0,0,6542,1,1052,1,10024,1,178,1,216,1052.0,5.910112359550562,1052.0,5.910112359550562,1052.0,5.910112359550562
321,38,297889,828697,246859720633,791832.0,1.5937049889426882,12.0,1.8453004642349164,PM1_256,236.0,0,0,6542,1,1052,1,132888,1,236,1,274,1052.0,4.4576271186440675,1052.0,4.4576271186440675,1052.0,4.4576271186440675
322,39,331579,1274773,422687956567,735831.0,1.131795970613682,14.0,1.778401846302725,PM1_256,335.0,0,0,6542,1,534,0,200000,1,335,1,373,534.0,1.5940298507462687,534.0,1.5940298507462687,534.0,1.5940298507462687
323,40,676589,1266527,856918236403,1449199.0,1.5655189646889889,11.0,1.4980258700880738,RHO,921.0,0,0,6542,1,921,1,91720,0,2740,0,10680,921.0,1.0,921.0,1.0,921.0,1.0
324,32,2437,1754359,4275372883,43887.0,0.6711952825967066,11.0,1.5971296253631535,RHO,42.0,1,1,361,1,42,0,200000,1,113,1,146,42.0,1.0,42.0,1.0,146.0,3.4761904761904763
325,33,17419,394579,6873171601,98385.0,1.186725560150325,11.0,1.9273779842874805,RHO,275.0,1,1,2004,1,275,0,200000,0,2740,0,10680,275.0,1.0,275.0,1.0,275.0,1.0
326,34,48991,330017,16167862847,231743.0,1.8225536298538885,12.0,0.9434508990012741,PM1_256,225.0,1,1,5035,1,921,1,124704,1,225,1,263,921.0,4.093333333333334,921.0,4.093333333333334,921.0,4.093333333333334
327,35,110807,219839,24359700073,294448.0,1.8865687677319534,9.0,1.6460636588960245,RHO,534.0,0,0,6542,1,534,1,18496,0,2740,0,10680,534.0,1.0,534.0,1.0,11214.0,21.0
328,36,209269,290627,60819221663,263438.0,1.0682133262758833,11.0,1.0094771376074505,RHO,937.0,1,0,6542,1,937,1,6666,0,2740,0,10680,937.0,1.0,937.0,1.0,937.0,1.0
329,37,135319,536311,72573068209,479760.0,1.780886712790003,13.0,1.9088769721587395,PM1_256,296.0,0,0,6542,1,1052,1,132844,1,296,1,334,1052.0,3.554054054054054,1052.0,3.554054054054054,1052.0,3.554054054054054
330,38,200713,1250203,250931994739,127978.0,0.2554802305405769,18.0,2.1300403839768647,RHO,534.0,0,0,6542,1,534,0,200000,0,2740,0,10680,534.0,1.0,534.0,1.0,534.0,1.0
331,39,176153,1652881,291159946793,420329.0,0.7789750340976861,11.0,1.2773475953908784,PM1_256,284.0,1,0,6542,1,3243,0,200000,1,284,1,322,3243.0,11.419014084507042,3243.0,11.419014084507042,3243.0,11.419014084507042
332,40,703393,976553,686900544329,1049893.0,1.2667709921226749,10.0,1.2274447902499286,RHO,1033.0,1,0,6542,1,1033,1,22358,0,2740,1,1158,1033.0,1.0,1033.0,1.0,1033.0,1.0
333,32,4339,516947,2243033033,63433.0,1.3393602840091499,10.0,0.6963723454713431,RHO,144.0,0,1,593,1,144,0,200000,1,666,1,704,144.0,1.0,144.0,1.0,144.0,1.0
334,33,13417,349579,4690301443,106218.0,1.5509498031765296,12.0,1.914308444795125,PM1_256,155.0,0,1,1591,1,534,0,200000,1,155,1,193,534.0,3.445161290322581,534.0,3.445161290322581,534.0,3.445161290322581
335,34,21817,657079,14335492543,219643.0,1.8344718729644067,8.0,1.6135684134039314,PM1_256,296.0,0,1,2447,1,534,0,200000,1,296,1,334,534.0,1.804054054054054,534.0,1.804054054054054,334.0,1.1283783783783783
336,35,60217,352973,21254975141,251041.0,1.7219254920222407,11.0,1.529366317861568,RHO,534.0,0,1,6078,1,534,1,121610,1,537,1,575,534.0,1.0,534.0,1.0,575.0,1.0767790262172285
337,36,15391,2829289,43545586999,331374.0,1.587984852759818,12.0,1.7813484826997168,PM1_256,93.0,1,1,1799,1,275,0,200000,1,93,1,116,275.0,2.956989247311828,275.0,2.956989247311828,275.0,2.956989247311828
338,37,103769,943951,97952851319,126643.0,0.4046435746476138,16.0,1.819453325754528,PM1_256,124.0,0,0,6542,1,534,0,200000,1,124,1,162,534.0,4.306451612903226,534.0,4.306451612903226,534.0,4.306451612903226
339,38,324901,834469,271119812569,695088.0,1.3349320594702563,14.0,2.274819733998323,PM1_256,93.0,1,0,6542,1,1826,1,117988,1,93,1,116,1826.0,19.634408602150536,1826.0,19.634408602150536,1826.0,19.634408602150536
340,39,396247,918019,363762274693,96564.0,0.160105561818827,9.0,1.529987716379217,RHO,1826.0,0,0,6542,1,1826,1,108012,0,2740,0,10680,1826.0,1.0,1826.0,1.0,1826.0,1.0
341,40,194179,3547613,688871944727,164438.0,0.19812210656581433,9.0,0.876960247692155,RHO,921.0,1,0,6542,1,921,0,200000,0,2740,0,10680,921.0,1.0,921.0,1.0,921.0,1.0
342,32,19207,197921,3801468647,6311.0,0.10235816078567027,12.0,1.3363253650544018,PM1_256,284.0,0,1,2177,1,534,1,93816,1,284,1,322,534.0,1.880281690140845,534.0,1.880281690140845,534.0,1.880281690140845
343,33,68447,88469,6055437643,107787.0,1.385139825865663,14.0,1.4698597714835229,RHO,275.0,0,0,6542,1,275,1,1284,0,2740,0,10680,275.0,1.0,275.0,1.0,10955.0,39.836363636363636
344,34,60443,222601,13454672243,64207.0,0.55353593115854,10.0,0.9963974154644097,PM1_256,178.0,0,1,6096,1,275,1,51056,1,178,1,216,275.0,1.5449438202247192,275.0,1.5449438202247192,275.0,1.5449438202247192
345,35,42359,580733,24599269147,169866.0,1.0830421478366021,12.0,1.3994614138961579,RHO,1052.0,0,1,4428,1,1052,0,200000,0,2740,0,10680,1052.0,1.0,1052.0,1.0,1052.0,1.0
346,36,29287,1698461,49742827307,346.0,0.0015513538422759644,14.0,1.0524836922544158,RHO,275.0,0,1,3182,1,275,0,200000,0,2740,1,1404,275.0,1.0,275.0,1.0,275.0,1.0
347,37,209519,384757,80613901883,496258.0,1.7478435238853822,7.0,1.0264060656107326,RHO,3243.0,1,0,6542,1,3243,1,26426,0,2740,0,10680,3243.0,1.0,3243.0,1.0,3243.0,1.0
348,38,94439,1489729,140688517031,509975.0,1.359626312258875,9.0,1.16657395759708,RHO,921.0,1,0,6542,1,921,0,200000,0,2740,0,10680,921.0,1.0,921.0,1.0,921.0,1.0
349,39,527623,780323,411716362229,356428.0,0.5554855298563857,15.0,1.660128465049106,RHO,1052.0,1,0,6542,1,1052,1,24644,0,2740,0,10680,1052.0,1.0,1052.0,1.0,1052.0,1.0
350,40,466091,1871951,872499513541,1539765.0,1.6484350752297479,10.0,1.844891983962303,PM1_1024,1002.0,0,0,6542,1,1695,0,200000,1,2417,1,1002,1695.0,1.6916167664670658,1695.0,1.6916167664670658,1695.0,1.6916167664670658
351,32,14891,164377,2447737907,61231.0,1.2376244924206306,13.0,1.0915242426972886,RHO,534.0,1,1,1745,1,534,1,80320,0,2740,1,2014,534.0,1.0,534.0,1.0,534.0,1.0
352,33,79609,80021,6370391789,117193.0,1.4683128526790483,11.0,1.4124074733028085,FERMAT,2.0,1,0,6542,1,534,1,2,1,322,1,360,534.0,267.0,534.0,267.0,360.0,180.0
353,34,5333,1775551,9469013483,166619.0,1.7122696392885723,9.0,0.795842062563519,RHO,77.0,1,1,706,1,77,0,200000,1,155,1,193,77.0,1.0,77.0,1.0,77.0,1.0
354,35,39719,566947,22518567893,264172.0,1.7604204320603396,14.0,1.1341853071117869,RHO,921.0,0,1,4175,1,921,0,200000,0,2740,0,10680,921.0,1.0,921.0,1.0,921.0,1.0
355,36,135409,332951,45084561959,108398.0,0.5105136305477683,13.0,1.2203234699985244,PM1_256,124.0,1,0,6542,1,921,1,43698,1,124,1,162,921.0,7.42741935483871,921.0,7.42741935483871,921.0,7.42741935483871
356,37,30559,3010673,92003156207,133807.0,0.44114104805898885,15.0,1.3850683500007077,RHO,77.0,0,1,3300,1,77,0,200000,0,2740,1,1269,77.0,1.0,77.0,1.0,77.0,1.0
357,38,292267,759947,222107429849,706325.0,1.498728737582154,14.0,1.4673493716960309,RHO,534.0,1,0,6542,1,534,1,109650,0,2740,0,10680,534.0,1.0,534.0,1.0,534.0,1.0
358,39,148301,2047813,303692715713,242824.0,0.44063036406933564,9.0,0.9937862876876109,RHO,275.0,1,0,6542,1,275,0,200000,0,2740,0,10680,275.0,1.0,275.0,1.0,275.0,1.0
359,40,955939,1044931,998890295209,1986073.0,1.987175895362821,17.0,2.5186441992102573,PM1_1024,1515.0,0,0,6542,1,2088,1,1982,0,2740,1,1515,2088.0,1.378217821782178,2088.0,1.378217821782178,2088.0,1.378217821782178
360,32,8941,365809,3270698269,2169.0,0.03792619830043053,10.0,1.739766239303322,RHO,275.0,0,1,1112,1,275,0,200000,1,412,1,450,275.0,1.0,275.0,1.0,275.0,1.0
361,33,25793,181739,4687594027,871.0,0.012721641677327618,11.0,1.6980964301810786,PM1_256,124.0,0,1,2839,1,275,1,70600,1,124,1,162,275.0,2.217741935483871,275.0,2.217741935483871,275.0,2.217741935483871
362,34,55763,171043,9537870809,4565.0,0.04674283659512894,14.0,1.593260241408179,RHO,921.0,1,1,5658,1,921,1,31482,0,2740,1,1498,921.0,1.0,921.0,1.0,1498.0,1.6264929424538546
363,35,36469,879283,32066571727,148686.0,0.8303167753942663,9.0,1.7011393039377598,RHO,534.0,0,1,3866,1,534,0,200000,0,2740,1,2231,534.0,1.0,534.0,1.0,534.0,1.0
364,36,248447,265273,65906281031,95747.0,0.37295958449431255,10.0,1.0578743925807137,RHO,275.0,0,0,6542,1,275,1,276,0,2740,1,1337,275.0,1.0,275.0,1.0,275.0,1.0
365,37,208333,488611,101793795463,254862.0,0.7988117290016679,10.0,1.4870353610756004,PM1_256,273.0,0,0,6542,1,1695,1,58842,1,273,1,311,1695.0,6.208791208791209,1695.0,6.208791208791209,311.0,1.1391941391941391
366,38,67607,3834431,259234376617,654117.0,1.2847219380226857,7.0,1.205632070445355,RHO,144.0,0,0,6542,1,144,0,200000,0,2740,1,1190,144.0,1.0,144.0,1.0,144.0,1.0
367,39,106963,4082809,436709499067,1315146.0,1.9901125988696655,17.0,2.04912956872246,RHO,1052.0,1,0,6542,1,1052,0,200000,0,2740,1,1450,1052.0,1.0,1052.0,1.0,1052.0,1.0
368,40,346867,1896331,657774644977,117888.0,0.14535535475857325,12.0,1.6406887621340862,RHO,1695.0,1,0,6542,1,1695,0,200000,0,2740,0,10680,1695.0,1.0,1695.0,1.0,1695.0,1.0
369,32,29251,95723,2799993473,102077.0,1.9290762239766894,10.0,0.8873434417631191,PM1_256,76.0,1,1,3180,1,750,1,19146,1,76,1,88,750.0,9.868421052631579,750.0,9.868421052631579,750.0,9.868421052631579
370,33,71713,91019,6527245547,59866.0,0.7409949804135363,11.0,1.2098805479491872,PM1_256,261.0,1,0,6542,1,921,1,1150,1,261,1,299,921.0,3.528735632183908,921.0,3.528735632183908,921.0,3.528735632183908
371,34,14549,791489,11515373461,151980.0,1.416274469802197,13.0,2.2280015403173032,RHO,275.0,1,1,1704,1,275,0,200000,1,412,1,450,275.0,1.0,275.0,1.0,275.0,1.0
372,35,14627,2221259,32490355393,292893.0,1.624919166800973,15.0,1.7815309007530173,RHO,144.0,1,1,1712,1,144,0,200000,1,309,1,347,144.0,1.0,144.0,1.0,144.0,1.0
373,36,59513,1105619,65798703547,297403.0,1.1594090252487081,11.0,1.5918118904548246,PM1_256,481.0,1,1,6018,1,534,0,200000,1,481,1,519,534.0,1.1101871101871101,534.0,1.1101871101871101,519.0,1.079002079002079
374,37,168851,493049,83251816699,524610.0,1.8181918431742876,13.0,2.0946502937417075,PM1_1024,847.0,1,0,6542,1,1695,1,84834,0,2740,1,847,1695.0,2.001180637544274,1695.0,2.001180637544274,1695.0,2.001180637544274
375,38,211049,907663,191561368487,212158.0,0.4847361924784243,10.0,0.7569703526316163,PM1_256,134.0,0,0,6542,1,921,0,200000,1,134,1,172,921.0,6.873134328358209,921.0,6.873134328358209,921.0,6.873134328358209
376,39,533543,897433,478819095119,766030.0,1.1070316752680256,14.0,1.5815025973322374,RHO,275.0,1,0,6542,1,275,1,47042,0,2740,1,1627,275.0,1.0,275.0,1.0,275.0,1.0
377,40,198277,3855041,764365964357,445957.0,0.5100847210353315,11.0,0.959045486138713,PM1_256,144.0,1,0,6542,1,921,0,200000,1,144,1,182,921.0,6.395833333333333,921.0,6.395833333333333,921.0,6.395833333333333
378,32,15473,260411,4029339403,9874.0,0.1555522142153365,12.0,1.6970260434945927,RHO,275.0,0,1,1808,1,275,1,148930,0,2740,1,2498,275.0,1.0,275.0,1.0,275.0,1.0
379,33,29383,238151,6997590833,101032.0,1.2077712237953262,13.0,1.217104909255668,PM1_256,261.0,0,1,3191,1,1077,1,100232,1,261,1,299,1077.0,4.126436781609195,1077.0,4.126436781609195,1077.0,4.126436781609195
380,34,18121,834781,15127066501,34437.0,0.2799935020310028,15.0,2.33557123896643,RHO,275.0,1,1,2076,1,275,0,200000,1,426,1,464,275.0,1.0,275.0,1.0,275.0,1.0
381,35,81671,415661,33947449531,124027.0,0.673151260439643,18.0,2.331706267591079,RHO,921.0,0,0,6542,1,921,1,128836,0,2740,0,10680,921.0,1.0,921.0,1.0,921.0,1.0
382,36,116849,470501,54977571349,452565.0,1.9301372329373983,11.0,2.1708502268571346,PM1_256,335.0,1,0,6542,1,534,1,118406,1,335,1,373,534.0,1.5940298507462687,534.0,1.5940298507462687,534.0,1.5940298507462687
383,37,178561,701627,125283218747,492538.0,1.3915322989718377,12.0,1.3235069084711537,PM1_256,124.0,0,0,6542,1,534,1,172282,1,124,1,162,534.0,4.306451612903226,534.0,4.306451612903226,534.0,4.306451612903226
384,38,255503,813361,207816175583,542159.0,1.1892878921018664,10.0,1.1544493512810436,PM1_1024,894.0,1,0,6542,1,1695,1,157128,0,2740,1,894,1695.0,1.895973154362416,1695.0,1.895973154362416,1695.0,1.895973154362416
385,39,431441,991127,427612824007,149766.0,0.22902762531432866,10.0,1.2782653550162484,RHO,1826.0,0,0,6542,1,1826,1,114726,0,2740,0,10680,1826.0,1.0,1826.0,1.0,1826.0,1.0
386,40,501077,1155617,579053099509,587484.0,0.7720347484162638,12.0,2.155368997269261,PM1_256,213.0,1,0,6542,1,921,1,134784,1,213,1,251,921.0,4.323943661971831,921.0,4.323943661971831,921.0,4.323943661971831
387,32,34217,120917,4137416989,97305.0,1.5127616642726582,12.0,2.0419640959449357,PM1_256,155.0,0,1,3656,1,534,1,26490,1,155,1,193,534.0,3.445161290322581,534.0,3.445161290322581,534.0,3.445161290322581
388,33,32141,141157,4536927137,96401.0,1.4312010188607005,9.0,0.9389285781977057,RHO,275.0,0,1,3448,1,275,1,38586,0,2740,0,10680,275.0,1.0,275.0,1.0,275.0,1.0
389,34,6101,2599489,15859482389,110033.0,0.8737324177360286,12.0,1.6343954184127283,RHO,77.0,1,1,796,1,77,0,200000,1,202,1,240,77.0,1.0,77.0,1.0,240.0,3.116883116883117
390,35,4813,4076287,19619169331,124707.0,0.8903290091705306,13.0,1.8488389022316112,RHO,275.0,1,1,648,1,275,0,200000,0,2740,1,1096,275.0,1.0,275.0,1.0,275.0,1.0
391,36,31387,1445713,45376593931,351642.0,1.6507632606209317,12.0,2.2746790818426392,RHO,921.0,0,1,3382,1,921,0,200000,0,2740,0,10680,921.0,1.0,921.0,1.0,921.0,1.0
392,37,289249,396623,114722806127,374278.0,1.1050181704745503,11.0,0.6584831127514967,PM1_256,374.0,1,0,6542,1,534,1,8458,1,374,1,412,534.0,1.427807486631016,534.0,1.427807486631016,534.0,1.427807486631016
393,38,86323,2706149,233602900127,811151.0,1.6782729425783585,15.0,1.4165206936611061,RHO,921.0,1,0,6542,1,921,0,200000,0,2740,0,10680,921.0,1.0,921.0,1.0,921.0,1.0
394,39,692273,778709,539079215557,207157.0,0.28214562419563555,13.0,1.8898598930898538,PM1_256,386.0,0,0,6542,1,1695,1,2542,1,386,1,424,1695.0,4.391191709844559,1695.0,4.391191709844559,1695.0,4.391191709844559
395,40,931967,933263,869770318321,1445325.0,1.5497556321567567,13.0,2.3033418913591843,FERMAT,2.0,0,0,6542,1,534,1,2,0,2740,1,1888,534.0,267.0,534.0,267.0,534.0,267.0
396,32,1033,4127191,4263388303,81867.0,1.253809139852774,12.0,1.584429329199526,RHO,144.0,1,1,174,1,144,0,200000,1,155,1,193,144.0,1.0,144.0,1.0,193.0,1.3402777777777777
397,33,30271,231631,7011702001,151776.0,1.8125557689365588,14.0,1.7942647701762142,RHO,275.0,1,1,3274,1,275,1,94432,0,2740,1,2608,275.0,1.0,275.0,1.0,275.0,1.0
398,34,6271,1986401,12456720671,151790.0,1.3600074831510502,11.0,1.160541731976747,RHO,77.0,0,1,816,1,77,0,200000,1,93,1,116,77.0,1.0,77.0,1.0,77.0,1.0
399,35,94379,253081,23885531699,138298.0,0.8948462922728524,11.0,1.4284229879899148,PM1_256,134.0,1,0,6542,1,275,1,38362,1,134,1,172,275.0,2.0522388059701493,275.0,2.0522388059701493,172.0,1.2835820895522387
400,36,47339,783359,37083431701,226801.0,1.1777551355110347,13.0,2.204169710624149,RHO,921.0,1,1,4881,1,921,0,200000,0,2740,0,10680,921.0,1.0,921.0,1.0,921.0,1.0
401,37,111667,980249,109461465083,404282.0,1.2219509607622674,11.0,1.0287038651557912,PM1_1024,1372.0,0,0,6542,1,1695,0,200000,0,2740,1,1372,1695.0,1.2354227405247813,1695.0,1.2354227405247813,1695.0,1.2354227405247813
402,38,246209,878309,216247580581,260005.0,0.5591213436115439,11.0,1.892446254177541,RHO,1695.0,1,0,6542,1,1695,1,194470,0,2740,0,10680,1695.0,1.0,1695.0,1.0,1695.0,1.0
403,39,369143,1130651,417371902093,344244.0,0.5328497608294447,12.0,1.586662675068094,RHO,1193.0,1,0,6542,1,1193,0,200000,0,2740,0,10680,1193.0,1.0,1193.0,1.0,1193.0,1.0
404,40,176153,3830459,674746844227,1242186.0,1.5122242538166741,15.0,2.04130800176273,RHO,534.0,1,0,6542,1,534,0,200000,1,608,1,646,534.0,1.0,534.0,1.0,534.0,1.0
405,32,7591,434323,3296945893,4332.0,0.07544536049039265,12.0,1.4061658268275739,RHO,42.0,1,1,965,1,42,0,200000,1,103,1,130,42.0,1.0,42.0,1.0,130.0,3.0952380952380953
406,33,22937,319057,7318210409,92293.0,1.078863044741197,14.0,1.5574328680418015,RHO,42.0,1,1,2559,1,42,1,170902,1,103,1,130,42.0,1.0,42.0,1.0,130.0,3.0952380952380953
407,34,8297,1175417,9752434849,82333.0,0.8337146086157743,12.0,1.9487771978141106,RHO,144.0,0,1,1042,1,144,0,200000,1,202,1,172,144.0,1.0,144.0,1.0,144.0,1.0
408,35,55547,481021,26719273487,101887.0,0.6233133839473114,9.0,1.1341410556251212,RHO,921.0,0,1,5637,1,921,0,200000,0,2740,0,10680,921.0,1.0,921.0,1.0,921.0,1.0
409,36,56369,784183,44203611527,231011.0,1.0987623848245494,15.0,1.256201478144647,PM1_1024,775.0,1,1,5714,1,921,0,200000,0,2740,1,775,921.0,1.1883870967741936,921.0,1.1883870967741936,921.0,1.1883870967741936
410,37,236519,552317,130633464523,373899.0,1.0344918682156103,14.0,2.0566741012873337,RHO,921.0,0,0,6542,1,921,1,65972,0,2740,0,10680,921.0,1.0,921.0,1.0,921.0,1.0
411,38,271811,724499,196926797689,309993.0,0.6985531859538565,8.0,1.5981230915556512,PM1_1024,969.0,1,0,6542,1,1695,1,108782,0,2740,1,969,1695.0,1.7492260061919505,1695.0,1.7492260061919505,969.0,1.0
412,39,303073,996847,302117410831,89727.0,0.1632432642395868,12.0,1.979116233149939,PM1_256,144.0,0,0,6542,1,534,0,200000,1,144,1,182,534.0,3.7083333333333335,534.0,3.7083333333333335,534.0,3.7083333333333335
413,40,426637,1922273,820112785901,1425901.0,1.5745359545248732,10.0,1.0860778185014104,PM1_256,362.0,0,0,6542,1,1807,0,200000,1,362,1,400,1807.0,4.99171270718232,1807.0,4.99171270718232,1807.0,4.99171270718232
414,32,1061,3383077,3589444697,116776.0,1.9491262111808623,7.0,0.6406056895893008,RHO,77.0,1,1,178,1,77,0,200000,1,178,1,216,77.0,1.0,77.0,1.0,77.0,1.0
415,33,1499,3190919,4783187581,81981.0,1.1853715651260257,13.0,2.115992197485278,RHO,144.0,1,1,239,1,144,0,200000,1,322,1,360,144.0,1.0,144.0,1.0,144.0,1.0
416,34,3823,2998319,11462573537,87568.0,0.8179078254182652,9.0,1.0521549796842007,PM1_256,76.0,0,1,531,1,144,0,200000,1,76,1,88,144.0,1.894736842105263,144.0,1.894736842105263,144.0,1.894736842105263
417,35,49409,518611,25624050899,45274.0,0.2828296736134324,13.0,1.2229882452788907,RHO,534.0,0,1,5076,1,534,0,200000,1,537,1,575,534.0,1.0,534.0,1.0,534.0,1.0
418,36,107053,580807,62177131771,213162.0,0.8548589132988413,11.0,1.8398032563626676,RHO,921.0,1,0,6542,1,921,1,189154,0,2740,1,2059,921.0,1.0,921.0,1.0,921.0,1.0
419,37,143791,508367,73098599297,284608.0,1.0526707991047541,8.0,0.8895859886302186,RHO,1148.0,0,0,6542,1,1148,1,111424,0,2740,0,10680,1148.0,1.0,1148.0,1.0,1148.0,1.0
420,38,63901,4183009,267298458109,152028.0,0.2940528245474683,14.0,2.297531723574487,PM1_256,40.0,0,1,6407,1,1826,0,200000,1,40,1,46,1826.0,45.65,1826.0,45.65,1826.0,45.65
421,39,292091,1100839,321545164349,595948.0,1.0509628757625196,10.0,1.0604327193191172,RHO,921.0,0,0,6542,1,921,0,200000,0,2740,0,10680,921.0,1.0,921.0,1.0,921.0,1.0
422,40,597673,947411,566241974603,774503.0,1.0292528409933868,11.0,1.0419185370655542,RHO,534.0,0,0,6542,1,534,1,40104,0,2740,0,10680,534.0,1.0,534.0,1.0,534.0,1.0
423,32,35311,119657,4225208327,78326.0,1.2049856771648788,7.0,0.8435229956756369,PM1_256,322.0,0,1,3761,1,534,1,24966,1,322,1,360,534.0,1.6583850931677018,534.0,1.6583850931677018,534.0,1.6583850931677018
424,33,8101,607837,4924087537,118296.0,1.6858043782084449,8.0,1.3077413600042005,PM1_256,40.0,0,1,1019,1,144,0,200000,1,40,1,46,144.0,3.6,144.0,3.6,144.0,3.6
425,34,3089,3458869,10684446341,123116.0,1.1910732904770955,13.0,1.4677177713005434,RHO,144.0,1,1,442,1,144,0,200000,1,537,1,575,144.0,1.0,144.0,1.0,575.0,3.9930555555555554
426,35,9371,3489919,32704030949,201985.0,1.1169107632862407,11.0,1.3292820947557265,RHO,275.0,0,1,1159,1,275,0,200000,0,2740,1,1723,275.0,1.0,275.0,1.0,275.0,1.0
427,36,92671,507697,47048788687,142038.0,0.6548326499234164,9.0,1.5724496827922758,RHO,144.0,0,0,6542,1,144,1,166554,0,2740,0,10680,144.0,1.0,144.0,1.0,10824.0,75.16666666666667
428,37,123701,859363,106304062463,24614.0,0.07549310106457026,16.0,1.4662290726977587,PM1_256,249.0,0,0,6542,1,921,0,200000,1,249,1,287,921.0,3.6987951807228914,921.0,3.6987951807228914,287.0,1.1526104417670682
429,38,80657,2179967,175829598319,335919.0,0.8011034034067426,16.0,2.2939585974814842,RHO,534.0,1,0,6542,1,534,0,200000,0,2740,1,909,534.0,1.0,534.0,1.0,534.0,1.0
430,39,563623,757181,426764626763,320779.0,0.49103417786572123,11.0,0.6339117057507391,PM1_1024,412.0,1,0,6542,1,3243,1,14260,0,2740,1,412,3243.0,7.871359223300971,3243.0,7.871359223300971,3243.0,7.871359223300971
431,40,301489,3326623,1002940241647,83686.0,0.08356324210593859,11.0,1.7480976566765651,RHO,921.0,0,0,6542,1,921,0,200000,0,2740,1,1515,921.0,1.0,921.0,1.0,921.0,1.0
432,32,62323,68713,4282400299,6699.0,0.10236850183898023,13.0,2.3530261965953088,FERMAT,156.0,1,1,6262,1,534,1,156,1,167,1,205,534.0,3.423076923076923,534.0,3.423076923076923,534.0,3.423076923076923
433,33,16267,440023,7157854141,17325.0,0.20477730406499908,12.0,2.2037413851504337,PM1_256,347.0,1,1,1890,1,534,0,200000,1,347,1,385,534.0,1.5389048991354466,534.0,1.5389048991354466,534.0,1.5389048991354466
434,34,62869,206419,12977356111,45387.0,0.3984174637168218,16.0,2.095340220583795,PM1_256,124.0,1,1,6307,1,363,1,41452,1,124,1,162,363.0,2.9274193548387095,363.0,2.9274193548387095,363.0,2.9274193548387095
435,35,30643,646379,19806991697,88528.0,0.6290300500961152,13.0,1.1829185694846531,RHO,275.0,0,1,3305,1,275,0,200000,0,2740,0,10680,275.0,1.0,275.0,1.0,275.0,1.0
436,36,32443,1112747,36100850921,90917.0,0.4785048868773199,13.0,1.5829827562599676,RHO,921.0,0,1,3483,1,921,0,200000,0,2740,0,10680,921.0,1.0,921.0,1.0,11601.0,12.596091205211726
437,37,59627,1525421,90956277967,353046.0,1.1706173462123932,13.0,2.0685858897976694,RHO,275.0,1,1,6027,1,275,0,200000,0,2740,0,10680,275.0,1.0,275.0,1.0,275.0,1.0
438,38,106453,1363429,145141107337,680608.0,1.7864951170180767,16.0,1.8427743635375893,RHO,275.0,0,0,6542,1,275,0,200000,0,2740,1,878,275.0,1.0,275.0,1.0,275.0,1.0
439,39,385039,768953,296076894167,525526.0,0.9658105589019795,9.0,0.7618834422420799,PM1_1024,939.0,1,0,6542,1,1052,1,65734,0,2740,1,939,1052.0,1.1203407880724174,1052.0,1.1203407880724174,1052.0,1.1203407880724174
440,40,864323,1271183,1098712704109,2042473.0,1.9485620997181718,11.0,1.8453694409379526,RHO,534.0,0,0,6542,1,534,1,39118,0,2740,0,10680,534.0,1.0,534.0,1.0,534.0,1.0
441,32,6703,509767,3416968201,98085.0,1.6779620250388076,14.0,2.0914631163783337,RHO,77.0,1,1,865,1,77,0,200000,0,2740,0,10680,77.0,1.0,77.0,1.0,77.0,1.0
442,33,11083,467953,5186323099,18843.0,0.26164971353147376,15.0,2.1105894221249413,RHO,144.0,1,1,1343,1,144,0,200000,0,2740,0,10680,144.0,1.0,144.0,1.0,144.0,1.0
443,34,12823,864883,11090394709,198609.0,1.8859293668906054,13.0,2.274134030259944,RHO,144.0,1,1,1529,1,144,0,200000,0,2740,0,10680,144.0,1.0,144.0,1.0,144.0,1.0
444,35,28813,972091,28008857983,157819.0,0.9429997692078735,13.0,1.6171370301501682,RHO,1165.0,0,1,3138,1,1165,0,200000,0,2740,0,10680,1165.0,1.0,1165.0,1.0,11845.0,10.167381974248928
445,36,93287,533327,49752475849,281145.0,1.2604424333398216,5.0,1.5131850091893133,RHO,534.0,0,0,6542,1,534,1,180510,0,2740,0,10680,534.0,1.0,534.0,1.0,11214.0,21.0
446,37,174257,478493,83380754701,149652.0,0.5182622956397116,10.0,1.8182173520216605,RHO,534.0,0,0,6542,1,534,1,75236,0,2740,1,1959,534.0,1.0,534.0,1.0,534.0,1.0
447,38,275129,657113,180790842577,54552.0,0.1282987612030088,11.0,1.8361761034160713,RHO,921.0,0,0,6542,1,921,1,81852,0,2740,1,2771,921.0,1.0,921.0,1.0,921.0,1.0
448,39,115061,2653979,305369477719,507315.0,0.9180469462555821,12.0,1.8402877862884692,RHO,921.0,1,0,6542,1,921,0,200000,0,2740,1,1419,921.0,1.0,921.0,1.0,921.0,1.0
449,40,1024663,1059749,1085885589587,714223.0,0.6853963648049081,12.0,1.1192414037243823,FERMAT,296.0,1,0,6542,1,1695,1,296,0,2740,0,10680,1695.0,5.726351351351352,1695.0,5.726351351351352,1695.0,5.726351351351352
450,32,4261,654799,2790098539,40498.0,0.7666970728826163,12.0,2.1131432608709297,PM1_256,225.0,0,1,585,1,275,0,200000,1,225,1,263,275.0,1.2222222222222223,275.0,1.2222222222222223,275.0,1.2222222222222223
451,33,14897,297457,4431216929,51440.0,0.7727507838305248,11.0,1.2049393177324752,PM1_256,93.0,0,1,1746,1,566,1,179220,1,93,1,116,566.0,6.086021505376344,566.0,6.086021505376344,566.0,6.086021505376344
452,34,28319,501623,14205461737,159141.0,1.335224846750522,11.0,1.7510482307225381,RHO,534.0,1,1,3085,1,534,0,200000,0,2740,0,10680,534.0,1.0,534.0,1.0,534.0,1.0
453,35,58061,430553,24998337733,198069.0,1.2527399962032069,9.0,1.2738253668597304,RHO,534.0,1,1,5880,1,534,1,172398,0,2740,0,10680,534.0,1.0,534.0,1.0,534.0,1.0
454,36,56383,988033,55708264639,464014.0,1.965944571663792,14.0,2.191893664604341,PM1_256,261.0,0,1,5716,1,534,0,200000,1,261,1,299,534.0,2.045977011494253,534.0,2.045977011494253,534.0,2.045977011494253
455,37,216901,564197,122374893497,161456.0,0.4615385968567544,9.0,0.9925588593558079,PM1_256,666.0,1,0,6542,1,921,1,81456,1,666,1,704,921.0,1.382882882882883,921.0,1.382882882882883,921.0,1.382882882882883
456,38,135347,1068439,144610013333,177157.0,0.46586398164843973,11.0,1.231392855693358,PM1_256,190.0,1,0,6542,1,921,0,200000,1,190,1,228,921.0,4.847368421052631,921.0,4.847368421052631,921.0,4.847368421052631
457,39,383753,746807,286589426671,511071.0,0.9546653422252009,10.0,2.24442388085778,RHO,534.0,1,0,6542,1,534,1,59880,0,2740,0,10680,534.0,1.0,534.0,1.0,534.0,1.0
458,40,358847,2656553,953296074391,1602967.0,1.6417638147760085,10.0,1.8228563937541338,PM1_1024,760.0,0,0,6542,1,1695,0,200000,0,2740,1,760,1695.0,2.2302631578947367,1695.0,2.2302631578947367,1695.0,2.2302631578947367
459,32,15233,164267,2502279211,78727.0,1.5738227486153429,15.0,2.2097415518658625,PM1_256,84.0,0,1,1778,1,275,1,79456,1,84,1,101,275.0,3.2738095238095237,275.0,3.2738095238095237,275.0,3.2738095238095237
460,33,19319,383419,7407271661,87436.0,1.0159238244102553,7.0,1.2084135583053697,RHO,144.0,1,1,2190,1,144,0,200000,1,495,1,533,144.0,1.0,144.0,1.0,144.0,1.0
461,34,61031,243631,14869043561,167717.0,1.3754207392792046,15.0,1.7442247530864343,RHO,534.0,0,1,6149,1,534,1,60786,0,2740,1,985,534.0,1.0,534.0,1.0,534.0,1.0
462,35,8783,2121631,18634285073,124024.0,0.9085511165489503,13.0,1.0545795410490464,RHO,534.0,0,1,1095,1,534,0,200000,0,2740,0,10680,534.0,1.0,534.0,1.0,534.0,1.0
463,36,40127,1429543,57363271961,147925.0,0.6176246493606561,9.0,1.1530716179396245,RHO,534.0,1,1,4215,1,534,0,200000,0,2740,0,10680,534.0,1.0,534.0,1.0,534.0,1.0
464,37,211403,342791,72467045773,20964.0,0.07787604233204976,11.0,1.3803520055456808,PM1_256,261.0,1,0,6542,1,1695,1,15800,1,261,1,299,1695.0,6.494252873563219,1695.0,6.494252873563219,1695.0,6.494252873563219
465,38,90197,2411371,217498430087,251398.0,0.5390558395198609,14.0,1.4159201928951388,RHO,534.0,0,0,6542,1,534,0,200000,1,622,1,660,534.0,1.0,534.0,1.0,534.0,1.0
466,39,441179,643043,283697067697,220273.0,0.4135555401964039,14.0,1.8201205161334477,RHO,1695.0,0,0,6542,1,1695,1,18958,0,2740,0,10680,1695.0,1.0,1695.0,1.0,1695.0,1.0
467,40,492761,1321763,651313257643,1310122.0,1.623367250329566,10.0,1.6913212482522686,PM1_256,362.0,1,0,6542,1,3287,0,200000,1,362,1,400,3287.0,9.08011049723757,3287.0,9.08011049723757,3287.0,9.08011049723757
468,32,40289,70853,2854596517,45333.0,0.8484809470429763,9.0,1.3525100370518148,RHO,534.0,1,1,4231,1,534,1,4286,0,2740,0,10680,534.0,1.0,534.0,1.0,534.0,1.0
469,33,2243,2613883,5862939569,127808.0,1.66916907533998,15.0,1.5212884026735267,RHO,144.0,0,1,334,1,144,0,200000,1,190,1,228,144.0,1.0,144.0,1.0,228.0,1.5833333333333333
470,34,3943,2856431,11262907433,179557.0,1.6919093220861843,10.0,0.9672569466233499,RHO,77.0,1,1,547,1,77,0,200000,1,236,1,274,77.0,1.0,77.0,1.0,77.0,1.0
471,35,41621,496841,20679019261,4057.0,0.028212400397979252,12.0,1.9190748985415023,RHO,921.0,0,1,4354,1,921,0,200000,0,2740,0,10680,921.0,1.0,921.0,1.0,921.0,1.0
472,36,85837,415039,35625702643,272634.0,1.4444359740836281,12.0,1.6752283742730143,RHO,534.0,0,0,6542,1,534,1,123382,0,2740,1,863,534.0,1.0,534.0,1.0,863.0,1.6161048689138577
473,37,136471,905171,123529591541,539452.0,1.5348548287863195,11.0,1.2599460829939413,RHO,275.0,0,0,6542,1,275,0,200000,1,537,1,575,275.0,1.0,275.0,1.0,275.0,1.0
474,38,148367,1736993,257712440431,872022.0,1.7177491803803555,14.0,2.051258427374439,PM1_256,309.0,0,0,6542,1,1052,0,200000,1,309,1,347,1052.0,3.4045307443365695,1052.0,3.4045307443365695,1052.0,3.4045307443365695
475,39,367823,1338521,492338809783,827559.0,1.1794157699780075,10.0,1.42188430187584,PM1_256,167.0,0,0,6542,1,1052,0,200000,1,167,1,205,1052.0,6.299401197604791,1052.0,6.299401197604791,1052.0,6.299401197604791
476,40,265957,3699049,983787974893,1715293.0,1.7293685647586674,13.0,1.8087339734152283,RHO,921.0,0,0,6542,1,921,0,200000,0,2740,1,1577,921.0,1.0,921.0,1.0,921.0,1.0
477,32,41999,93337,3920060663,48563.0,0.7756380640770667,9.0,1.0517085304706328,PM1_256,261.0,1,1,4392,1,534,1,10116,1,261,1,299,534.0,2.045977011494253,534.0,2.045977011494253,534.0,2.045977011494253
478,33,26921,314257,8460112697,160213.0,1.7418456911393156,12.0,1.4114109735927907,RHO,144.0,1,1,2953,1,144,1,157222,0,2740,1,1786,144.0,1.0,144.0,1.0,1786.0,12.402777777777779
479,34,13487,1271111,17143474057,23568.0,0.18000033452173417,13.0,1.4750191379683495,RHO,144.0,0,1,1599,1,144,0,200000,0,2740,1,1627,144.0,1.0,144.0,1.0,1627.0,11.29861111111111
480,35,110899,209987,23287348313,283112.0,1.8552321351212107,13.0,0.9525473124353153,RHO,144.0,1,0,6542,1,144,1,15684,1,296,1,334,144.0,1.0,144.0,1.0,144.0,1.0
481,36,85361,556609,47512700849,36173.0,0.16595092180784476,14.0,1.4893207062193596,PM1_256,284.0,1,0,6542,1,921,0,200000,1,284,1,322,921.0,3.242957746478873,921.0,3.242957746478873,322.0,1.1338028169014085
482,37,93811,953651,89462953961,349352.0,1.167996703112924,9.0,1.0696250176887232,PM1_256,190.0,1,0,6542,1,534,0,200000,1,190,1,228,534.0,2.8105263157894735,534.0,2.8105263157894735,534.0,2.8105263157894735
483,38,300719,569011,171112418909,305260.0,0.7379537339197013,10.0,1.3482182095195023,RHO,1695.0,0,0,6542,1,1695,1,42416,0,2740,0,10680,1695.0,1.0,1695.0,1.0,1695.0,1.0
484,39,286697,1006721,288623890537,296368.0,0.5516519670834558,11.0,1.6233013985953466,PM1_256,76.0,0,0,6542,1,1052,0,200000,1,76,1,88,1052.0,13.842105263157896,1052.0,13.842105263157896,1052.0,13.842105263157896
485,40,158371,3789451,600139144321,745725.0,0.9626152230527236,13.0,1.8274304671115105,RHO,977.0,0,0,6542,1,977,0,200000,0,2740,1,1096,977.0,1.0,977.0,1.0,977.0,1.0
486,32,6791,600961,4081126151,88462.0,1.3847352386231702,14.0,1.5625299300383817,RHO,77.0,0,1,874,1,77,0,200000,1,284,1,322,77.0,1.0,77.0,1.0,322.0,4.181818181818182
487,33,41669,131063,5461264147,54147.0,0.7327027276412869,14.0,1.7528767589443386,RHO,144.0,1,1,4360,1,144,1,24932,0,2740,1,2462,144.0,1.0,144.0,1.0,144.0,1.0
488,34,56779,277003,15727953337,34416.0,0.27442538808663186,12.0,1.3902853164371027,RHO,275.0,1,1,5757,1,275,1,82960,0,2740,0,10680,275.0,1.0,275.0,1.0,275.0,1.0
489,35,6079,3294013,20024305027,73978.0,0.5227858929051487,15.0,1.822012951227089,RHO,144.0,1,1,793,1,144,0,200000,0,2740,1,2286,144.0,1.0,144.0,1.0,144.0,1.0
490,36,66239,957431,63419272009,419448.0,1.665587687403593,9.0,1.9303946300320183,RHO,534.0,1,0,6542,1,534,0,200000,0,2740,0,10680,534.0,1.0,534.0,1.0,534.0,1.0
491,37,85229,850061,72449848969,51744.0,0.19223889258299107,14.0,2.3062976402810547,PM1_256,412.0,1,0,6542,1,921,0,200000,1,412,1,450,921.0,2.2354368932038833,921.0,2.2354368932038833,921.0,2.2354368932038833
492,38,50929,3388523,172574087867,311467.0,0.7497634175708489,8.0,0.8346593346312806,RHO,144.0,1,1,5216,1,144,0,200000,0,2740,0,10680,144.0,1.0,144.0,1.0,144.0,1.0
493,39,257503,1211477,311958961931,966907.0,1.7311550664060553,10.0,1.524757017431043,RHO,534.0,1,0,6542,1,534,0,200000,0,2740,1,2321,534.0,1.0,534.0,1.0,534.0,1.0
494,40,527581,1583807,835586480867,358051.0,0.3916960469345886,8.0,0.5696942609953113,PM1_256,261.0,0,0,6542,1,1826,0,200000,1,261,1,299,1826.0,6.996168582375479,1826.0,6.996168582375479,1826.0,6.996168582375479
495,32,1249,2653333,3314012917,53428.0,0.9280936876911701,11.0,1.360206718176713,PM1_256,76.0,1,1,204,1,144,0,200000,1,76,1,88,144.0,1.894736842105263,144.0,1.894736842105263,144.0,1.894736842105263
496,33,63377,111317,7054937509,113460.0,1.3508159923375662,17.0,2.619473974681789,RHO,275.0,0,1,6351,1,275,1,6708,1,636,1,674,275.0,1.0,275.0,1.0,275.0,1.0
497,34,78853,209533,16522305649,31128.0,0.24216751863195332,14.0,1.998218610949971,RHO,534.0,1,0,6542,1,534,1,31308,0,2740,1,2393,534.0,1.0,534.0,1.0,534.0,1.0
498,35,47381,460543,21820987883,84922.0,0.5748876904928336,10.0,0.9982119115847079,PM1_256,309.0,0,1,4885,1,534,0,200000,1,309,1,347,534.0,1.7281553398058251,534.0,1.7281553398058251,534.0,1.7281553398058251
499,36,36263,1096559,39764519017,170917.0,0.8571116427431986,15.0,1.6907528025700784,RHO,534.0,1,1,3848,1,534,0,200000,0,2740,0,10680,534.0,1.0,534.0,1.0,534.0,1.0
500,37,106907,679741,72669071087,7903.0,0.029316841401411844,10.0,0.9126728889338549,RHO,534.0,1,0,6542,1,534,0,200000,0,2740,0,10680,534.0,1.0,534.0,1.0,534.0,1.0
501,38,66863,2449583,163786468129,331104.0,0.8181358404929618,13.0,2.2034522892055213,RHO,534.0,1,0,6542,1,534,0,200000,0,2740,1,909,534.0,1.0,534.0,1.0,534.0,1.0
502,39,115783,3502297,405506453551,1128702.0,1.7724761879653017,14.0,2.147655224864086,RHO,534.0,1,0,6542,1,534,0,200000,0,2740,1,2197,534.0,1.0,534.0,1.0,534.0,1.0
503,40,611453,1338343,818333842379,116455.0,0.1287338873577497,15.0,1.7823009774419576,RHO,3243.0,1,0,6542,1,3243,1,140560,0,2740,0,10680,3243.0,1.0,3243.0,1.0,3243.0,1.0
504,32,20903,142897,2986975991,25582.0,0.4680784302976412,12.0,1.292901335531387,RHO,144.0,0,1,2352,1,144,1,54494,1,622,1,660,144.0,1.0,144.0,1.0,144.0,1.0
505,33,13487,632153,8525847511,95286.0,1.0319539452432958,16.0,2.1721978109097315,RHO,144.0,0,1,1599,1,144,0,200000,0,2740,1,1627,144.0,1.0,144.0,1.0,144.0,1.0
506,34,71663,215191,15421232633,63509.0,0.5114176710461116,11.0,1.2076126736029573,RHO,534.0,0,0,6542,1,534,1,38490,0,2740,1,2076,534.0,1.0,534.0,1.0,534.0,1.0
507,35,148861,158761,23633321221,100860.0,0.6560796767047589,13.0,2.101408748115849,PM1_256,50.0,1,0,6542,1,275,1,160,1,50,1,62,275.0,5.5,275.0,5.5,275.0,5.5
508,36,24781,2151119,53306879939,382015.0,1.6545838617721165,16.0,1.5949111306573227,PM1_256,190.0,0,1,2741,1,534,0,200000,1,190,1,228,534.0,2.8105263157894735,534.0,2.8105263157894735,228.0,1.2
509,37,149069,874477,130357411913,309413.0,0.8569800105038441,10.0,1.2603044265053533,RHO,144.0,0,0,6542,1,144,0,200000,0,2740,1,1221,144.0,1.0,144.0,1.0,144.0,1.0
510,38,92959,2938843,273191906437,660108.0,1.2629352401135077,8.0,1.4658122454761868,RHO,534.0,0,0,6542,1,534,0,200000,0,2740,0,10680,534.0,1.0,534.0,1.0,534.0,1.0
511,39,287549,1812359,521142018091,964290.0,1.3357636405370483,11.0,1.96233526000063,RHO,534.0,1,0,6542,1,534,0,200000,0,2740,0,10680,534.0,1.0,534.0,1.0,534.0,1.0
512,40,225343,3325717,749427045931,944295.0,1.0907946746579062,12.0,2.2061662766583643,PM1_256,322.0,1,0,6542,1,542,0,200000,1,322,1,360,542.0,1.6832298136645962,542.0,1.6832298136645962,542.0,1.6832298136645962
513,32,3361,1129229,3795338669,39433.0,0.6400804328797134,11.0,1.1528686068280667,PM1_256,50.0,0,1,474,1,144,0,200000,1,50,1,62,144.0,2.88,144.0,2.88,144.0,2.88
514,33,25439,260629,6630141131,110506.0,1.3571394422159029,15.0,1.5516966290635965,PM1_256,249.0,1,1,2804,1,275,1,123218,1,249,1,287,275.0,1.104417670682731,275.0,1.104417670682731,287.0,1.1526104417670682
515,34,22391,671093,15026443363,96639.0,0.7883595409123484,12.0,1.832452002413964,RHO,77.0,0,1,2506,1,77,0,200000,1,399,1,437,77.0,1.0,77.0,1.0,77.0,1.0
516,35,55927,503137,28138942999,222483.0,1.3263035807570214,7.0,1.51694622385708,RHO,534.0,1,1,5677,1,534,0,200000,1,652,1,690,534.0,1.0,534.0,1.0,690.0,1.2921348314606742
517,36,200987,253157,50881265959,343335.0,1.5220857640512364,11.0,1.818514503236072,RHO,534.0,0,0,6542,1,534,1,3008,0,2740,0,10680,534.0,1.0,534.0,1.0,534.0,1.0
518,37,105239,733841,77228692999,282999.0,1.018346460902367,14.0,1.9814641701328806,RHO,921.0,1,0,6542,1,921,0,200000,0,2740,0,10680,921.0,1.0,921.0,1.0,921.0,1.0
519,38,126641,1780013,225422626333,880537.0,1.8545940281280746,11.0,1.698459841471483,RHO,1052.0,0,0,6542,1,1052,0,200000,0,2740,0,10680,1052.0,1.0,1052.0,1.0,1052.0,1.0
520,39,151153,2112139,319256146267,635538.0,1.1247911470108916,13.0,1.7598408539549264,PM1_256,213.0,1,0,6542,1,1052,0,200000,1,213,1,251,1052.0,4.938967136150235,1052.0,4.938967136150235,1052.0,4.938967136150235
521,40,583267,1879607,1096312736069,1127668.0,1.0769958426394832,9.0,1.1406927619329161,RHO,1695.0,0,0,6542,1,1695,0,200000,0,2740,0,10680,1695.0,1.0,1695.0,1.0,1695.0,1.0
522,32,5189,548623,2846804747,48722.0,0.9131587118133185,11.0,0.7465580806347695,RHO,275.0,1,1,691,1,275,0,200000,0,2740,0,10680,275.0,1.0,275.0,1.0,275.0,1.0
523,33,32603,247241,8060798323,170362.0,1.897508378403725,12.0,1.7073926019491985,RHO,534.0,1,1,3499,1,534,1,100282,0,2740,1,2321,534.0,1.0,534.0,1.0,534.0,1.0
524,34,50539,337543,17059085677,113577.0,0.8695859575032687,16.0,2.046783247675611,RHO,77.0,0,1,5183,1,77,1,126862,0,2740,1,1466,77.0,1.0,77.0,1.0,77.0,1.0
525,35,88007,350621,30857102347,315426.0,1.7956426744102159,16.0,2.086251576149561,RHO,534.0,1,0,6542,1,534,1,87306,0,2740,1,1018,534.0,1.0,534.0,1.0,534.0,1.0
526,36,59417,1095239,65075815663,315862.0,1.2381907943223933,14.0,1.705172035867437,RHO,1695.0,1,1,6007,1,1695,0,200000,0,2740,0,10680,1695.0,1.0,1695.0,1.0,1695.0,1.0
527,37,89597,1082881,97022888957,606701.0,1.9477697188092993,12.0,1.2704582761356809,PM1_256,167.0,0,0,6542,1,921,0,200000,1,167,1,205,921.0,5.514970059880239,921.0,5.514970059880239,921.0,5.514970059880239
528,38,384509,679669,261338847521,116152.0,0.2272085690076939,9.0,1.186449790164748,PM1_1024,775.0,0,0,6542,1,1826,1,41752,0,2740,1,775,1826.0,2.3561290322580644,1826.0,2.3561290322580644,1826.0,2.3561290322580644
529,39,478067,726707,347414635369,1056645.0,1.7926893870413847,13.0,2.194701823402581,PM1_1024,1660.0,0,0,6542,1,1826,1,25938,0,2740,1,1660,1826.0,1.1,1826.0,1.1,1826.0,1.1
530,40,347717,2386663,829883298371,559930.0,0.6146462334532102,12.0,1.5501250994762117,RHO,1695.0,1,0,6542,1,1695,0,200000,0,2740,0,10680,1695.0,1.0,1695.0,1.0,1695.0,1.0
531,32,26861,139969,3759707309,55453.0,0.9043739163089867,11.0,1.4695036270765678,PM1_1024,30.0,1,1,2946,1,534,1,44198,1,249,1,30,534.0,17.8,534.0,17.8,30.0,1.0
532,33,8521,934069,7959201949,64153.0,0.7190882760049394,11.0,1.8635971494508754,PM1_256,225.0,1,1,1062,1,275,0,200000,1,225,1,263,275.0,1.2222222222222223,275.0,1.2222222222222223,275.0,1.2222222222222223
533,34,15061,855391,12883043851,112842.0,0.9941720113999077,11.0,1.7800987194655162,RHO,144.0,1,1,1759,1,144,0,200000,1,682,1,720,144.0,1.0,144.0,1.0,144.0,1.0
534,35,20681,1541513,31880030353,284952.0,1.5959245165731704,13.0,1.5074118034017756,PM1_256,167.0,1,1,2329,1,534,0,200000,1,167,1,205,534.0,3.197604790419162,534.0,3.197604790419162,205.0,1.2275449101796407
535,36,94541,658579,62262717239,490663.0,1.9663882698849693,14.0,1.5205482906932806,PM1_256,335.0,1,0,6542,1,534,0,200000,1,335,1,373,534.0,1.5940298507462687,534.0,1.5940298507462687,373.0,1.1134328358208956
536,37,53441,2496643,133423098563,195122.0,0.5341838178332586,10.0,0.8509416042545621,RHO,275.0,0,1,5450,1,275,0,200000,1,467,1,505,275.0,1.0,275.0,1.0,275.0,1.0
537,38,204143,1206773,246354260539,864939.0,1.742631022317821,15.0,2.3594979192689234,PM1_256,374.0,0,0,6542,1,921,0,200000,1,374,1,412,921.0,2.462566844919786,921.0,2.462566844919786,921.0,2.462566844919786
538,39,282407,1848331,521981612717,1372393.0,1.8995507097095357,13.0,0.9999019788712504,RHO,921.0,1,0,6542,1,921,0,200000,0,2740,1,1126,921.0,1.0,921.0,1.0,921.0,1.0
539,40,749219,932303,698499121357,1000713.0,1.1973651388291229,15.0,1.9532390000645852,RHO,1826.0,0,0,6542,1,1826,1,9998,0,2740,0,10680,1826.0,1.0,1826.0,1.0,1826.0,1.0
540,32,16747,155219,2599452593,84337.0,1.6541587923318655,16.0,1.2092012737907842,RHO,275.0,1,1,1936,1,275,1,69998,0,2740,0,10680,275.0,1.0,275.0,1.0,275.0,1.0
541,33,49171,113717,5591578607,128431.0,1.7175233370108587,11.0,0.9112124585372999,PM1_256,412.0,1,1,5054,1,534,1,13336,1,412,1,450,534.0,1.296116504854369,534.0,1.296116504854369,534.0,1.296116504854369
542,34,3109,3230321,10043067989,21764.0,0.21717284256813302,11.0,1.2440987466562352,PM1_256,134.0,0,1,443,1,144,0,200000,1,134,1,172,144.0,1.0746268656716418,144.0,1.0746268656716418,144.0,1.0746268656716418
543,35,29917,1016921,30423225557,191473.0,1.0977537092078347,9.0,0.9307345527187059,RHO,534.0,1,1,3239,1,534,0,200000,0,2740,1,789,534.0,1.0,534.0,1.0,534.0,1.0
544,36,14669,4008689,58803458941,118905.0,0.4903415333267197,14.0,1.8505119763231141,PM1_256,537.0,1,1,1718,1,921,0,200000,1,537,1,575,921.0,1.7150837988826815,921.0,1.7150837988826815,921.0,1.7150837988826815
545,37,108677,712981,77484636137,346537.0,1.2449210557727979,13.0,0.9996037517041073,RHO,534.0,0,0,6542,1,534,0,200000,1,636,1,674,534.0,1.0,534.0,1.0,534.0,1.0
546,38,96157,2392021,230009563297,117648.0,0.24530793800577558,11.0,1.4063955421058154,PM1_256,386.0,1,0,6542,1,921,0,200000,1,386,1,424,921.0,2.3860103626943006,921.0,2.3860103626943006,921.0,2.3860103626943006
547,39,144139,2456849,354127758011,410615.0,0.6900091111934143,15.0,1.5453730153295007,RHO,1695.0,0,0,6542,1,1695,0,200000,0,2740,0,10680,1695.0,1.0,1695.0,1.0,1695.0,1.0
548,40,233641,2570851,600656198491,198091.0,0.25559465218405225,5.0,1.4970953922187926,PM1_256,190.0,1,0,6542,1,921,0,200000,1,190,1,228,921.0,4.847368421052631,921.0,4.847368421052631,921.0,4.847368421052631
549,32,19687,194203,3823274461,78237.0,1.26530274777434,16.0,1.8305214471318718,PM1_256,537.0,0,1,2228,1,630,1,90226,1,537,1,575,630.0,1.1731843575418994,630.0,1.1731843575418994,630.0,1.1731843575418994
550,33,25643,314813,8072749759,86655.0,0.9644570264232257,15.0,2.255912443983092,RHO,275.0,0,1,2825,1,275,1,160760,0,2740,1,1018,275.0,1.0,275.0,1.0,275.0,1.0
551,34,104281,105437,10995075797,85348.0,0.8139434539170878,14.0,1.003011502439677,FERMAT,4.0,1,0,6542,1,534,1,4,1,249,1,287,534.0,133.5,534.0,133.5,534.0,133.5
552,35,87679,271003,23761272037,282721.0,1.8341009045446057,10.0,1.4218399121288872,PM1_1024,205.0,1,0,6542,1,921,1,50390,0,2740,1,205,921.0,4.492682926829269,921.0,4.492682926829269,205.0,1.0
553,36,153877,267143,41107163411,6410.0,0.03161544323390919,8.0,1.0738524637013775,RHO,534.0,0,0,6542,1,534,1,15522,0,2740,0,10680,534.0,1.0,534.0,1.0,534.0,1.0
554,37,134437,758551,101977320787,562543.0,1.7615863079392369,10.0,1.5786532812195488,RHO,534.0,1,0,6542,1,534,0,200000,0,2740,1,1067,534.0,1.0,534.0,1.0,1067.0,1.9981273408239701
555,38,243209,670177,162993077993,9817.0,0.024316116218910052,12.0,1.2097491406381533,PM1_256,296.0,1,0,6542,1,1826,1,105938,1,296,1,334,1826.0,6.168918918918919,1826.0,6.168918918918919,1826.0,6.168918918918919
556,39,359069,988607,354978126883,486883.0,0.8171914503171405,11.0,1.7554558422075364,RHO,1120.0,1,0,6542,1,1120,1,156076,0,2740,0,10680,1120.0,1.0,1120.0,1.0,1120.0,1.0
557,40,176551,3834023,676900594673,1132552.0,1.376561768116563,13.0,1.1784201157995178,PM1_256,322.0,0,0,6542,1,921,0,200000,1,322,1,360,921.0,2.860248447204969,921.0,2.860248447204969,921.0,2.860248447204969
558,32,4519,519683,2348447477,75877.0,1.5657402851584514,11.0,0.9415720273190782,RHO,144.0,0,1,614,1,144,0,200000,1,682,1,720,144.0,1.0,144.0,1.0,144.0,1.0
559,33,14897,308587,4597020539,44938.0,0.6627893446203676,9.0,1.2413635767952267,PM1_256,93.0,0,1,1746,1,275,1,187882,1,93,1,116,275.0,2.956989247311828,275.0,2.956989247311828,275.0,2.956989247311828
560,34,19037,612037,11651348369,88888.0,0.8234837636912645,13.0,1.3212676821959837,RHO,534.0,0,1,2163,1,534,0,200000,0,2740,0,10680,534.0,1.0,534.0,1.0,534.0,1.0
561,35,48677,466079,22687327483,39354.0,0.2612746118970794,13.0,1.768271688769751,RHO,622.0,1,1,5007,1,622,0,200000,0,2740,1,818,622.0,1.0,622.0,1.0,622.0,1.0
562,36,70663,493279,34856573977,57376.0,0.3073179437373596,15.0,2.165128245798446,RHO,275.0,1,0,6542,1,275,1,190544,0,2740,0,10680,275.0,1.0,275.0,1.0,275.0,1.0
563,37,239531,327263,78389633653,273292.0,0.9761073915971612,11.0,1.776879807494289,PM1_1024,847.0,0,0,6542,1,921,1,6832,0,2740,1,847,921.0,1.0873671782762693,921.0,1.0873671782762693,921.0,1.0873671782762693
564,38,207169,724553,150104920457,590968.0,1.5253394436422447,9.0,0.8480237829168319,PM1_256,261.0,1,0,6542,1,534,1,156856,1,261,1,299,534.0,2.045977011494253,534.0,2.045977011494253,534.0,2.045977011494253
565,39,325319,1162453,378168047507,855298.0,1.3908331739027118,12.0,0.9596097684690326,RHO,2195.0,0,0,6542,1,2195,0,200000,0,2740,0,10680,2195.0,1.0,2195.0,1.0,2195.0,1.0
566,40,217333,4141121,900002250293,918437.0,0.9681163921550338,15.0,1.1611458989787775,RHO,3505.0,0,0,6542,1,3505,0,200000,0,2740,0,10680,3505.0,1.0,3505.0,1.0,3505.0,1.0
567,32,7591,557371,4231003261,21145.0,0.32507682505400626,16.0,2.4521821332948406,PM1_256,103.0,1,1,965,1,144,0,200000,1,103,1,130,144.0,1.3980582524271845,144.0,1.3980582524271845,144.0,1.3980582524271845
568,33,4817,1569859,7562010803,143122.0,1.645840517923231,14.0,1.3251163637859713,RHO,144.0,0,1,649,1,144,0,200000,1,155,1,193,144.0,1.0,144.0,1.0,144.0,1.0
569,34,49009,179563,8800203067,74586.0,0.7950802580031973,15.0,1.547592131815208,RHO,275.0,0,1,5037,1,275,1,40954,0,2740,1,2667,275.0,1.0,275.0,1.0,2667.0,9.698181818181817
570,35,8009,3276083,26238148747,304386.0,1.8791354197092043,11.0,1.440580587475716,PM1_256,76.0,1,1,1008,1,144,0,200000,1,76,1,88,144.0,1.894736842105263,144.0,1.894736842105263,88.0,1.1578947368421053
571,36,67219,905581,60872249239,10510.0,0.04259837588181542,13.0,2.2584369646394387,PM1_256,155.0,1,0,6542,1,854,0,200000,1,155,1,193,854.0,5.509677419354839,854.0,5.509677419354839,854.0,5.509677419354839
572,37,133349,699287,93249222163,217474.0,0.7121717356674481,12.0,1.572735124226862,PM1_256,178.0,1,0,6542,1,1957,0,200000,1,178,1,216,1957.0,10.99438202247191,1957.0,10.99438202247191,216.0,1.2134831460674158
573,38,119191,1835921,218825259911,582542.0,1.2453129834674126,12.0,1.199012243258205,RHO,275.0,0,0,6542,1,275,0,200000,1,386,1,424,275.0,1.0,275.0,1.0,275.0,1.0
574,39,603203,714029,430704434887,996487.0,1.5183852124893438,10.0,1.516975089325807,RHO,1957.0,0,0,6542,1,1957,1,4672,0,2740,0,10680,1957.0,1.0,1957.0,1.0,1957.0,1.0
575,40,481211,1539721,740930682131,524602.0,0.6094543094203576,10.0,1.1183283098919774,PM1_256,167.0,1,0,6542,1,1052,0,200000,1,167,1,205,1052.0,6.299401197604791,1052.0,6.299401197604791,1052.0,6.299401197604791
576,32,2477,965329,2391119933,7732.0,0.1581215873284056,10.0,0.6958753876624766,PM1_256,84.0,1,1,367,1,144,0,200000,1,84,1,101,144.0,1.7142857142857142,144.0,1.7142857142857142,144.0,1.7142857142857142
577,33,84247,90313,7608599311,49782.0,0.5707159152717122,13.0,2.15998858890397,FERMAT,106.0,1,0,6542,1,1129,1,106,1,225,1,263,1129.0,10.650943396226415,1129.0,10.650943396226415,1129.0,10.650943396226415
578,34,8893,1004363,8931800159,38095.0,0.40308670970146027,14.0,1.5980590972248996,PM1_256,93.0,0,1,1108,1,534,0,200000,1,93,1,116,534.0,5.741935483870968,534.0,5.741935483870968,116.0,1.2473118279569892
579,35,21859,1474859,32238942881,22177.0,0.1235129231213108,10.0,1.0780780768394393,PM1_256,440.0,0,1,2452,1,534,0,200000,1,440,1,478,534.0,1.2136363636363636,534.0,1.2136363636363636,534.0,1.2136363636363636
580,36,232217,292573,67940424341,437932.0,1.680128709746233,14.0,1.5765788960849767,PM1_256,155.0,0,0,6542,1,275,1,3484,1,155,1,193,275.0,1.7741935483870968,275.0,1.7741935483870968,193.0,1.2451612903225806
581,37,42379,3028691,128352895889,518720.0,1.4478719595167109,12.0,1.4720895696809737,RHO,534.0,1,1,4430,1,534,0,200000,0,2740,1,2321,534.0,1.0,534.0,1.0,2321.0,4.346441947565543
582,38,255019,644563,164375811697,705073.0,1.7390622541625143,13.0,1.6945848726915298,RHO,1009.0,1,0,6542,1,1009,1,88718,0,2740,0,10680,1009.0,1.0,1009.0,1.0,1009.0,1.0
583,39,109481,3774161,413198920441,652416.0,1.0149508559161435,15.0,1.9558712431918064,PM1_256,103.0,1,0,6542,1,921,0,200000,1,103,1,130,921.0,8.941747572815533,921.0,8.941747572815533,921.0,8.941747572815533
584,40,751151,783487,588517043537,989633.0,1.290014662008812,13.0,0.9248868247905871,FERMAT,342.0,1,0,6542,1,1695,1,342,1,509,1,547,1695.0,4.956140350877193,1695.0,4.956140350877193,1695.0,4.956140350877193
585,32,16273,132371,2154073283,92362.0,1.9900458907898941,9.0,0.8053177652979178,PM1_256,202.0,0,1,1891,1,275,1,55822,1,202,1,240,275.0,1.3613861386138615,275.0,1.3613861386138615,275.0,1.3613861386138615
586,33,30389,224563,6824245007,163343.0,1.977302986693196,10.0,0.7351418565395101,PM1_256,322.0,0,1,3283,1,534,1,89736,1,322,1,360,534.0,1.6583850931677018,534.0,1.6583850931677018,534.0,1.6583850931677018
587,34,5861,2327341,13640545601,174337.0,1.4927040029609908,11.0,1.429468320773755,RHO,144.0,0,1,771,1,144,0,200000,0,2740,1,832,144.0,1.0,144.0,1.0,832.0,5.777777777777778
588,35,40739,735997,29983781783,88819.0,0.5129354026296153,12.0,0.9887459865749602,RHO,275.0,1,1,4265,1,275,0,200000,0,2740,0,10680,275.0,1.0,275.0,1.0,275.0,1.0
589,36,191099,303691,58035046409,309193.0,1.2834663449173684,13.0,1.4107345118624912,PM1_256,525.0,1,0,6542,1,1052,1,12982,1,525,1,563,1052.0,2.0038095238095237,1052.0,2.0038095238095237,563.0,1.0723809523809524
590,37,68819,1910737,131495009603,294719.0,0.8127434897050508,11.0,1.1176167277636182,RHO,1052.0,0,0,6542,1,1052,0,200000,0,2740,0,10680,1052.0,1.0,1052.0,1.0,1052.0,1.0
591,38,417883,536849,224340070667,484642.0,1.0232167055780257,10.0,0.9611654654821163,PM1_256,273.0,1,0,6542,1,921,1,7442,1,273,1,311,921.0,3.3736263736263736,921.0,3.3736263736263736,921.0,3.3736263736263736
592,39,312527,1233779,385589249533,411769.0,0.6631185686259349,10.0,1.5482276850850727,RHO,921.0,1,0,6542,1,921,0,200000,0,2740,1,1390,921.0,1.0,921.0,1.0,921.0,1.0
593,40,411563,1579909,650232087767,1123606.0,1.3934129774330584,14.0,1.063493369746847,RHO,1052.0,0,0,6542,1,1052,0,200000,0,2740,1,1067,1052.0,1.0,1052.0,1.0,1052.0,1.0
594,32,20771,155251,3224718521,68725.0,1.2102325866347556,12.0,1.1399514138928162,PM1_256,103.0,0,1,2340,1,534,1,62450,1,103,1,130,534.0,5.184466019417476,534.0,5.184466019417476,534.0,5.184466019417476
595,33,6269,848927,5321923363,74962.0,1.0275592117883792,10.0,1.8390400161825062,RHO,144.0,0,1,815,1,144,0,200000,0,2740,1,894,144.0,1.0,144.0,1.0,144.0,1.0
596,34,13451,899467,12098730617,50581.0,0.459851394332755,9.0,0.998962232517894,RHO,534.0,0,1,1594,1,534,0,200000,0,2740,1,760,534.0,1.0,534.0,1.0,534.0,1.0
597,35,170503,197807,33726686921,99017.0,0.5391665286287927,14.0,1.7197415109235887,PM1_256,509.0,0,0,6542,1,538,1,1014,1,509,1,547,538.0,1.0569744597249509,538.0,1.0569744597249509,538.0,1.0569744597249509
598,36,37871,1464569,55464692599,203518.0,0.8641607183283183,13.0,2.209705531691554,RHO,534.0,1,1,4005,1,534,0,200000,0,2740,1,1435,534.0,1.0,534.0,1.0,534.0,1.0
599,37,288307,301643,86965788401,368200.0,1.2485604242388362,11.0,1.223177431873948,FERMAT,152.0,1,0,6542,1,275,1,152,0,2740,1,803,275.0,1.8092105263157894,275.0,1.8092105263157894,275.0,1.8092105263157894
