idx,p,q,N,log2_s,dB,b1_first_visits,b1_censored,k1_hits,k4_hits,k4_reused,k4_pruned,k4_maxdepth,td_ops,rho_iters,rho_cost_units,rho_ok,guided_first,guided_hmax,guided_hit_a,guided_hit_depth
0,9043,70313,635840459,13.1426,18,155244,0,11,11,0,21,11,1124,254,275,1,10381,20761,9043,4520
1,9973,389303,3882518819,13.2838,84,59019,0,13,13,0,0,11,1229,126,144,1,11545,23089,9973,4985
2,17047,65809,1121846023,14.0572,28,177635,0,1,1,0,1,11,1967,254,275,1,20665,41329,17047,8522
3,30893,66169,2044158917,14.915,34,,1,0,0,0,0,11,3332,510,534,1,39313,78625,30893,15445
4,13229,232751,3079062979,13.6914,21,191726,0,1,1,0,0,11,1573,254,275,1,15693,31385,13229,6613
5,7151,464383,3320802833,12.8039,58,115586,0,16,16,0,0,11,915,62,77,1,8033,16065,7151,3574
6,16067,40177,645523859,13.9718,218,,1,0,0,0,21,11,1869,254,275,1,19377,38753,16067,8032
7,28621,193549,5539565929,14.8048,19,,1,0,0,1,0,11,3116,254,275,1,36193,72385,28621,14309
8,3877,412187,1598048999,11.9207,71,45443,0,77,77,0,0,11,537,62,77,1,4117,8233,3877,1937
9,5581,187423,1046007763,12.4463,29,39449,0,50,50,0,1,11,737,126,144,1,6133,12265,5581,2789
10,7393,122501,905649893,12.8519,29,118796,0,8,8,0,1,11,939,254,275,1,8335,16669,7393,3695
11,30187,317921,9597081227,14.8816,22,,1,0,0,1,0,11,3265,254,275,1,38336,76671,30187,15092
12,32713,360949,11807724637,14.9976,51,,1,0,0,1,0,11,3509,510,534,1,41809,83617,32713,16355
13,3413,340937,1163617981,11.7368,75,32994,0,94,94,0,1,11,480,126,144,1,3580,7159,3413,1705
14,3853,443117,1707329801,11.9118,236,40341,0,83,83,0,0,11,535,254,275,1,4089,8177,3853,1925
15,27059,236377,6396125243,14.7238,22,,1,0,0,1,0,11,2966,510,534,1,34067,68133,27059,13528
16,20389,135049,2753514061,14.3155,19,,1,0,0,0,0,11,2303,510,534,1,25083,50165,20389,10193
17,29599,116689,3453877711,14.8533,25,,1,0,0,0,0,11,3213,126,144,1,37530,75059,29599,14798
18,12253,521671,6392034763,13.5808,43,175005,0,2,2,1,0,11,1465,510,534,1,14438,28875,12253,6125
19,9743,133831,1303915433,13.2502,29,118421,0,7,7,0,1,11,1202,126,144,1,11260,22519,9743,4870
20,15569,116131,1808043539,13.9264,23,,1,0,0,0,0,11,1816,254,275,1,18731,37461,15569,7783
21,17729,69997,1240976813,14.1138,36,,1,0,0,0,1,11,2035,126,144,1,21556,43111,17729,8863
22,17231,98663,1700062153,14.0727,21,174474,0,2,2,0,0,11,1984,510,534,1,20909,41817,17231,8614
23,31267,63737,1992864779,14.9324,71,,1,0,0,0,0,11,3371,546,678,1,39820,79639,31267,15632
24,20201,449083,9071925683,14.3021,170,,1,0,0,1,0,11,2285,254,275,1,24827,49653,20201,10099
25,12613,30059,379134167,13.6226,66,,1,0,0,0,63,11,1507,126,144,1,14902,29803,12613,6305
26,27611,499673,13796471203,14.753,30,,1,0,0,1,0,11,3013,510,534,1,34816,69631,27611,13804
27,26539,246187,6533556793,14.6958,119,,1,0,0,1,0,11,2913,510,534,1,33359,66717,26539,13268
28,12743,456557,5817905851,13.6374,31,,1,0,0,1,0,11,1521,254,275,1,15066,30131,12743,6370
29,11273,107453,1211317669,13.4606,23,111615,0,5,5,0,1,11,1363,510,534,1,13189,26377,11273,5635
30,11681,483671,5649760951,13.5119,37,163776,0,4,4,1,0,11,1402,510,534,1,13709,27417,11681,5839
31,24203,252391,6108619373,14.5629,55,,1,0,0,1,0,11,2694,254,275,1,30194,60387,24203,12100
32,18253,132157,2412261721,14.1558,22,,1,0,0,0,0,11,2092,510,534,1,22253,44505,18253,9125
33,17837,34871,621994027,14.1226,21,,1,0,0,0,22,11,2045,254,275,1,21704,43399,17837,8917
34,20753,305759,6345416527,14.341,64,,1,0,0,1,0,11,2338,510,534,1,25558,51115,20753,10375
35,8521,379541,3234068861,13.0568,38,58808,0,15,15,0,0,11,1062,254,275,1,9729,19457,8521,4259
36,18503,446273,8257389319,14.1755,26,,1,0,0,1,0,11,2119,510,534,1,22580,45159,18503,9250
37,8219,35083,288347177,13.0047,17,54594,0,8,8,0,257,11,1030,254,275,1,9355,18709,8219,4108
38,21787,24169,526570003,14.4112,20,,1,0,0,0,24,11,2444,126,144,1,26946,53891,21787,10892
39,29077,139571,4058305967,14.8276,423,,1,0,0,0,0,11,3162,254,275,1,36813,73625,29077,14537
40,25127,523213,13146773051,14.617,29,,1,0,0,1,0,11,2774,254,275,1,31440,62879,25127,12562
41,3917,416153,1630071301,11.9355,65,40070,0,77,77,0,0,11,542,126,144,1,4166,8331,3917,1957
42,2687,248293,667163291,11.3918,61,11664,0,137,137,0,20,11,390,254,275,1,2750,5499,2687,1342
43,6073,410623,2493713479,12.5682,60,63395,0,23,23,0,0,11,792,254,275,1,6726,13451,6073,3035
44,14071,103981,1463116651,13.7804,18,157428,0,5,5,0,0,11,1659,62,77,1,16781,33561,14071,7034
45,17321,113501,1965950821,14.0802,31,,1,0,0,0,0,11,1991,62,77,1,21022,42043,17321,8659
46,13499,503197,6792656303,13.7206,40,,1,0,0,1,0,11,1600,126,144,1,16038,32075,13499,6748
47,14537,40577,589867849,13.8274,23,,1,0,0,0,22,11,1702,264,315,1,17386,34771,14537,7267
48,18289,148361,2713374329,14.1587,35,176894,0,1,1,0,0,11,2096,30,42,1,22297,44593,18289,9143
49,12109,470609,5698604381,13.5638,63,157391,0,5,5,1,0,11,1450,254,275,1,14258,28515,12109,6053
50,9769,145903,1425326407,13.254,32,117836,0,5,5,0,0,11,1205,510,534,1,11289,22577,9769,4883
51,3319,452401,1501518919,11.6965,81,34264,0,79,79,0,0,11,467,254,275,1,3473,6945,3319,1658
52,31231,321443,10038986333,14.9307,30,,1,0,0,1,0,11,3365,510,534,1,39770,79539,31231,15614
53,31153,294803,9183997859,14.9271,20,,1,0,0,1,0,11,3356,510,534,1,39661,79321,31153,15575
54,5717,242617,1387041389,12.481,35,46737,0,35,35,0,0,11,753,254,275,1,6295,12589,5717,2857
55,13757,219629,3021436153,13.7479,33,,1,0,0,0,0,11,1627,254,275,1,16379,32757,13757,6877
56,4211,319117,1343801687,12.0399,50,41307,0,60,60,0,1,11,576,126,144,1,4510,9019,4211,2104
57,16361,54917,898497037,13.998,20,,1,0,0,0,1,11,1897,525,594,1,19762,39523,16361,8179
58,25423,447053,11365428419,14.6338,26,,1,0,0,1,0,11,2803,254,275,1,31845,63689,25423,12710
59,13619,310273,4225607987,13.7333,27,157389,0,3,3,0,0,11,1610,126,144,1,16196,32391,13619,6808
60,7927,333791,2645961257,12.9526,135,118613,0,10,10,0,0,11,1001,62,77,1,8994,17987,7927,3962
61,17891,51479,921010789,14.1269,21,,1,0,0,0,1,11,2050,517,562,1,21771,43541,17891,8944
62,28759,479701,13795721059,14.8117,69,,1,0,0,1,0,11,3133,930,1065,1,36380,72759,28759,14378
63,27739,130973,3633060047,14.7596,19,,1,0,0,0,0,11,3025,254,275,1,34990,69979,27739,13868
64,23743,511867,12153258181,14.5352,26,,1,0,0,1,0,11,2640,62,77,1,29576,59151,23743,11870
65,32707,145829,4769629103,14.9973,51,,1,0,0,0,0,11,3508,274,355,1,41804,83607,32707,16352
66,12637,13751,173771387,13.6254,34,,1,0,0,0,949,11,1509,510,534,1,14936,29868,12637,6317
67,19379,475289,9210625531,14.2422,29,,1,0,0,1,0,11,2193,126,144,1,23738,47475,19379,9688
68,22531,24859,560098129,14.4596,28,,1,0,0,0,24,11,2518,254,275,1,27946,55890,22531,11264
69,26393,335299,8849546507,14.6879,29,,1,0,0,1,0,11,2899,510,534,1,33159,66317,26393,13195
70,24821,147197,3653576737,14.5993,23,,1,0,0,0,0,11,2745,510,534,1,31031,62061,24821,12409
71,14221,501829,7136510209,13.7957,52,179309,0,1,1,1,0,11,1672,894,921,1,16970,33939,14221,7109
72,4219,349133,1472992127,12.0427,62,56141,0,66,66,0,0,11,578,254,275,1,4518,9035,4219,2108
73,19213,398477,7655938601,14.2298,37,,1,0,0,1,0,11,2179,510,534,1,23517,47033,19213,9605
74,30187,292027,8815419049,14.8816,36,,1,0,0,1,0,11,3265,126,144,1,38336,76671,30187,15092
75,30853,290509,8963074177,14.9131,26,,1,0,0,1,0,11,3327,510,534,1,39254,78507,30853,15425
76,4337,407713,1768251281,12.0825,115,39942,0,56,56,0,0,11,592,588,675,1,4656,9311,4337,2167
77,24197,130171,3149747687,14.5625,22,,1,0,0,0,0,11,2693,510,534,1,30189,60377,24197,12097
78,11839,69073,817755247,13.5313,27,161810,0,4,4,0,2,11,1421,254,275,1,13912,27823,11839,5918
79,28729,352237,10119416773,14.8102,37,,1,0,0,1,0,11,3130,126,144,1,36335,72669,28729,14363
80,11437,400457,4580026709,13.4814,105,111297,0,2,2,0,0,11,1379,254,275,1,13397,26793,11437,5717
81,19991,438517,8766393347,14.2871,29,,1,0,0,1,0,11,2260,510,534,1,24548,49095,19991,9994
82,10259,269513,2764933867,13.3246,30,133409,0,3,3,0,0,11,1258,30,42,1,11909,23817,10259,5128
83,6287,293893,1847705291,12.6182,41,40014,0,32,32,0,0,11,818,510,534,1,6985,13969,6287,3142
84,4283,260951,1117653133,12.0644,59,32751,0,66,66,0,1,11,588,126,144,1,4592,9183,4283,2140
85,31193,118061,3682676773,14.9289,18,,1,0,0,0,0,11,3362,518,566,1,39723,79445,31193,15595
86,15053,77351,1164364603,13.8778,42,,1,0,0,0,1,11,1758,262,307,1,18059,36117,15053,7525
87,14779,255473,3775635467,13.8513,58,,1,0,0,0,0,11,1732,254,275,1,17697,35393,14779,7388
88,27611,99721,2753396531,14.753,27,,1,0,0,0,0,11,3013,510,534,1,34816,69631,27611,13804
89,4933,492731,2430642023,12.2682,76,38881,0,42,42,0,0,11,659,254,275,1,5357,10713,4933,2465
90,29023,191057,5545047311,14.8249,30,,1,0,0,1,0,11,3157,894,921,1,36740,73479,29023,14510
91,22543,324089,7305938327,14.4604,30,,1,0,0,1,0,11,2520,254,275,1,27963,55925,22543,11270
92,6221,11633,72368893,12.6029,24,43497,0,23,26,0,7756,11,810,254,275,1,6905,13808,6221,3109
93,27527,456901,12577113827,14.7486,46,,1,0,0,1,0,11,3006,62,77,1,34703,69405,27527,13762
94,18307,47441,868502387,14.1601,19,,1,0,0,0,2,11,2098,560,734,1,22323,44645,18307,9152
95,32707,51869,1696479383,14.9973,31,,1,0,0,0,0,11,3508,514,550,1,41805,83608,32707,16352
96,6581,345707,2275097767,12.6841,52,153161,0,12,12,0,0,11,852,254,275,1,7346,14691,6581,3289
97,12911,248167,3204084137,13.6563,33,135567,0,2,2,0,0,11,1537,254,275,1,15283,30565,12911,6454
98,5381,406717,2188544177,12.3937,51,39417,0,52,52,0,0,11,709,126,144,1,5897,11793,5381,2689
99,27883,338497,9438311851,14.7671,32,,1,0,0,1,0,11,3043,254,275,1,35184,70367,27883,13940
100,17599,418079,7357772321,14.1032,40,,1,0,0,1,0,11,2024,510,534,1,21391,42781,17599,8798
101,25073,143501,3598000573,14.6138,22,,1,0,0,0,0,11,2768,510,534,1,31372,62743,25073,12535
102,29819,166597,4967755943,14.8639,26,,1,0,0,0,0,11,3230,938,1097,1,37838,75675,29819,14908
103,29983,294803,8839078349,14.8719,34,,1,0,0,1,0,11,3244,556,718,1,38057,76113,29983,14990
104,13487,350677,4729580699,13.7193,469,,1,0,0,0,0,11,1599,254,275,1,16023,32045,13487,6742
105,21139,175979,3720020081,14.3676,28,,1,0,0,0,0,11,2375,510,534,1,26079,52157,21139,10568
106,31019,393797,12215189143,14.9209,23,,1,0,0,1,0,11,3342,62,77,1,39479,78957,31019,15508
107,6091,279941,1705120631,12.5725,46,43731,0,45,45,0,0,11,795,62,77,1,6743,13485,6091,3044
108,5483,183829,1007934407,12.4207,31,57033,0,24,24,0,1,11,725,62,77,1,6015,12029,5483,2740
109,3677,312199,1147955723,11.8443,62,38904,0,85,85,0,1,11,514,126,144,1,3885,7769,3677,1837
110,23623,67631,1597647113,14.5279,19,170613,0,3,3,0,0,11,2628,564,750,1,29416,58831,23623,11810
111,30677,239333,7342018441,14.9049,38,,1,0,0,1,0,11,3309,510,534,1,39010,78019,30677,15337
112,11549,454021,5243488529,13.4955,55,,1,0,0,0,0,11,1391,254,275,1,13540,27079,11549,5773
113,27253,150893,4112286929,14.7341,42,,1,0,0,0,0,11,2983,254,275,1,34322,68643,27253,13625
114,25717,501223,12889951891,14.6504,35,,1,0,0,1,0,11,2832,562,742,1,32248,64495,25717,12857
115,19433,72977,1418162041,14.2462,22,176982,0,2,2,0,0,11,2203,254,275,1,23810,47619,19433,9715
116,19609,334021,6549817789,14.2592,52,,1,0,0,1,0,11,2225,550,694,1,24042,48083,19609,9803
117,5417,63389,343378213,12.4033,29,39855,0,50,50,0,105,11,715,62,77,1,5937,11873,5417,2707
118,9419,238859,2249812921,13.2014,29,111429,0,6,6,0,0,11,1165,548,686,1,10851,21701,9419,4708
119,20929,62701,1312269229,14.3532,248,177200,0,1,1,0,1,11,2354,254,275,1,25798,51595,20929,10463
120,31511,159631,5030132441,14.9436,33,,1,0,0,0,0,11,3390,254,275,1,40147,80293,31511,15754
121,5303,15227,80748781,12.3726,16,100631,0,21,21,0,6097,11,703,30,42,1,5800,11599,5303,2650
122,7841,320647,2514193127,12.9368,44,116369,0,12,12,0,0,11,991,510,534,1,8887,17773,7841,3919
123,12641,417187,5273660867,13.6258,392,156707,0,6,6,0,0,11,1510,254,275,1,14939,29877,12641,6319
124,32119,168901,5424931219,14.9711,22,,1,0,0,1,0,11,3447,126,144,1,40989,81977,32119,16058
125,28219,372629,10515217751,14.7844,23,,1,0,0,1,0,11,3076,510,534,1,35646,71291,28219,14108
126,4057,151549,614834293,11.9862,31,57492,0,60,60,0,22,11,560,254,275,1,4328,8655,4057,2027
127,29327,158927,4660852129,14.8399,17,,1,0,0,0,0,11,3186,518,566,1,37161,74321,29327,14662
128,17041,300017,5112589697,14.0567,39,157698,0,2,2,0,0,11,1966,510,534,1,20652,41303,17041,8519
129,20023,229961,4604509103,14.2894,166,,1,0,0,0,0,11,2265,510,534,1,24589,49177,20023,10010
130,29873,371303,11091934519,14.8666,42,,1,0,0,1,0,11,3236,510,534,1,37912,75823,29873,14935
131,17137,49547,849086939,14.0648,20,,1,0,0,0,2,11,1975,62,77,1,20781,41561,17137,8567
132,5413,225287,1219478531,12.4022,31,39531,0,34,34,0,1,11,714,254,275,1,5932,11863,5413,2705
133,19121,305933,5849744893,14.2229,3195,,1,0,0,1,0,11,2170,126,144,1,23398,46795,19121,9559
134,11471,53699,615981229,13.4857,18,113726,0,3,3,0,22,11,1383,126,144,1,13440,26879,11471,5734
135,31081,177301,5510692381,14.9237,34,,1,0,0,1,0,11,3349,62,77,1,39568,79135,31081,15539
136,26317,114749,3019849433,14.6837,20,,1,0,0,0,0,11,2892,62,77,1,33056,66111,26317,13157
137,4507,281857,1270329499,12.138,46,34749,0,42,42,0,1,11,611,254,275,1,4856,9711,4507,2252
138,9377,251501,2358324877,13.1949,70,117987,0,7,7,0,0,11,1160,126,144,1,10795,21589,9377,4687
139,4283,54193,232108619,12.0644,28,32751,0,66,66,0,417,11,588,126,144,1,4592,9183,4283,2140
140,27067,366811,9928473337,14.7242,24,,1,0,0,1,0,11,2968,894,921,1,34075,68149,27067,13532
141,4049,29921,121150129,11.9833,15,19431,0,72,72,0,2359,11,558,254,275,1,4320,8639,4049,2023
142,22441,234653,5265847973,14.4538,21,,1,0,0,0,0,11,2510,254,275,1,27827,55653,22441,11219
143,2111,512741,1082396251,11.0437,145,17019,0,198,198,0,1,11,318,62,77,1,2112,4223,2111,1054
144,13691,356977,4887372107,13.7409,31,59046,0,12,12,0,0,11,1618,511,538,1,16288,32575,13691,6844
145,27283,482123,13153761809,14.7357,53,,1,0,0,1,0,11,2988,254,275,1,34367,68733,27283,13640
146,11839,502393,5947830727,13.5313,36,161810,0,4,4,1,0,11,1421,126,144,1,13912,27823,11839,5918
147,14479,521809,7555272511,13.8217,41,175697,0,3,3,1,0,11,1697,510,534,1,17311,34621,14479,7238
148,20407,326219,6657151133,14.3168,53,,1,0,0,1,0,11,2306,510,534,1,25108,50215,20407,10202
149,30851,419351,12937397701,14.913,31,,1,0,0,1,0,11,3326,510,534,1,39253,78505,30851,15424
150,6491,146291,949574881,12.6642,28,96306,0,19,19,0,1,11,842,532,622,1,7233,14465,6491,3244
151,10169,30553,310693457,13.3119,230,124683,0,8,8,0,209,11,1249,544,670,1,11791,23581,10169,5083
152,8951,284989,2550936539,13.1278,37,171051,0,4,4,0,0,11,1113,529,610,1,10268,20535,8951,4474
153,14533,308263,4479986179,13.827,34,,1,0,0,0,0,11,1701,510,534,1,17377,34753,14533,7265
154,5479,393301,2154896179,12.4197,49,37881,0,52,52,0,0,11,724,126,144,1,6010,12019,5479,2738
155,13763,106871,1470865573,13.7485,22,163323,0,4,4,0,0,11,1629,254,275,1,16385,32769,13763,6880
156,13033,200467,2612686411,13.6699,22,,1,0,0,0,0,11,1552,254,275,1,15436,30871,13033,6515
157,31859,305093,9719957887,14.9594,26,,1,0,0,1,0,11,3423,254,275,1,40634,81267,31859,15928
158,7583,360953,2737106599,12.8886,97,122421,0,11,11,0,0,11,963,126,144,1,8571,17141,7583,3790
159,29173,61673,1799186429,14.8323,21,,1,0,0,0,0,11,3171,30,42,1,36946,73891,29173,14585
160,9157,17387,159212759,13.1607,22,40095,0,14,16,0,1240,11,1135,126,144,1,10520,21039,9157,4577
161,22637,447703,10134652811,14.4664,39,,1,0,0,1,0,11,2528,514,550,1,28087,56173,22637,11317
162,23687,262349,6214260763,14.5318,39,,1,0,0,1,0,11,2636,510,534,1,29500,58999,23687,11842
163,14341,24677,353892857,13.8079,17,157617,0,3,3,0,91,11,1682,254,275,1,17130,34259,14341,7169
164,29803,136403,4065218609,14.8632,19,,1,0,0,0,0,11,3229,254,275,1,37817,75633,29803,14900
165,9587,47137,451902419,13.2269,52,113958,0,6,6,0,43,11,1184,254,275,1,11062,22123,9587,4792
166,29179,136327,3977885533,14.8326,53,,1,0,0,0,0,11,3172,62,77,1,36953,73905,29179,14588
167,6043,517501,3127258543,12.561,103,54683,0,26,26,0,0,11,788,254,275,1,6686,13371,6043,3020
168,21221,350663,7441419523,14.3732,27,,1,0,0,1,0,11,2386,510,534,1,26186,52371,21221,10609
169,23417,309571,7249224107,14.5153,23,,1,0,0,1,0,11,2608,254,275,1,29142,58283,23417,11707
170,31139,136277,4243529503,14.9264,20,,1,0,0,0,0,11,3353,254,275,1,39646,79291,31139,15568
171,12113,119237,1444317781,13.5643,31,169155,0,3,3,0,0,11,1451,30,42,1,14263,28525,12113,6055
172,18133,383627,6956308391,14.1463,41,116640,0,2,2,1,0,11,2079,510,534,1,22088,44175,18133,9065
173,23059,203911,4701983749,14.493,21,,1,0,0,0,0,11,2575,254,275,1,28659,57317,23059,11528
174,20147,453659,9139867873,14.2983,34,,1,0,0,1,0,11,2279,126,144,1,24757,49513,20147,10072
175,14621,161957,2367973297,13.8358,55,,1,0,0,0,0,11,1711,126,144,1,17495,34989,14621,7309
176,10457,117241,1225989137,13.3522,20,115935,0,2,2,0,1,11,1279,254,275,1,12160,24319,10457,5227
177,16427,123083,2021884441,14.0038,36,159624,0,2,2,0,0,11,1904,126,144,1,19847,39693,16427,8212
178,29129,394129,11480583641,14.8302,28,,1,0,0,1,0,11,3165,944,1121,1,36888,73775,29129,14563
179,13007,229717,2987929019,13.667,44,117363,0,4,4,0,0,11,1550,62,77,1,15406,30811,13007,6502
180,8669,32297,279982693,13.0816,16,59102,0,14,14,0,271,11,1079,126,144,1,9910,19819,8669,4333
181,5443,194723,1059877289,12.4102,31,37935,0,27,27,0,1,11,720,254,275,1,5966,11931,5443,2720
182,14879,507523,7551434717,13.861,39,,1,0,0,1,0,11,1743,254,275,1,17828,35655,14879,7438
183,3559,254213,904744067,11.7973,70,41148,0,84,84,0,1,11,499,126,144,1,3750,7499,3559,1778
184,16741,120247,2013055027,14.0311,27,,1,0,0,0,0,11,1935,510,534,1,20258,40515,16741,8369
185,12511,54919,687091609,13.6109,14,,1,0,0,0,4,11,1494,126,144,1,14771,29541,12511,6254
186,29633,296831,8795993023,14.8549,46,,1,0,0,1,0,11,3216,510,534,1,37581,75161,29633,14815
187,5417,40591,219881447,12.4033,32,39855,0,50,50,0,575,11,715,254,275,1,5937,11873,5417,2707
188,11393,191627,2183206411,13.4759,24,112347,0,8,8,0,0,11,1375,510,534,1,13341,26681,11393,5695
189,22531,491059,11064050329,14.4596,37,,1,0,0,1,0,11,2518,254,275,1,27945,55889,22531,11264
190,30671,109211,3349610581,14.9046,21,,1,0,0,0,0,11,3308,511,538,1,39003,78005,30671,15334
191,28447,29347,834834109,14.796,40,,1,0,0,0,2,11,3096,138,192,1,35956,71908,28447,14222
192,26947,490117,13207182799,14.7178,26,,1,0,0,1,0,11,2955,254,275,1,33916,67831,26947,13472
193,20249,456901,9251788349,14.3056,33,,1,0,0,1,0,11,2289,254,275,1,24893,49785,20249,10123
194,16931,470219,7961277889,14.0474,39,,1,0,0,1,0,11,1953,126,144,1,20509,41017,16931,8464
195,9479,309371,2932527709,13.2105,35,110862,0,9,9,0,0,11,1175,126,144,1,10927,21853,9479,4738
196,14551,115057,1674194407,13.8288,21,175607,0,1,1,0,0,11,1705,254,275,1,17403,34805,14551,7274
197,23159,103091,2387484469,14.4993,17,,1,0,0,0,0,11,2584,510,534,1,28788,57575,23159,11578
198,26053,371837,9687469361,14.6692,37,,1,0,0,1,0,11,2866,510,534,1,32692,65383,26053,13025
199,7949,204137,1622685013,12.9566,64,58536,0,15,15,0,0,11,1004,254,275,1,9019,18037,7949,3973
200,25349,455789,11553795361,14.6296,44,,1,0,0,1,0,11,2796,126,144,1,31744,63487,25349,12673
201,5501,286543,1576273043,12.4255,44,52721,0,37,37,0,0,11,726,126,144,1,6038,12075,5501,2749
202,27481,75617,2078030777,14.7461,31,177153,0,2,2,0,0,11,3003,271,343,1,34636,69271,27481,13739
203,10103,136139,1375412317,13.3025,24,111566,0,7,7,0,0,11,1241,254,275,1,11713,23425,10103,5050
204,21323,271181,5782392463,14.3801,29,,1,0,0,1,0,11,2395,126,144,1,26329,52657,21323,10660
205,13487,444767,5998572529,13.7193,67,,1,0,0,1,0,11,1599,254,275,1,16023,32045,13487,6742
206,10289,33329,342922081,13.3288,18,154557,0,7,7,0,105,11,1262,126,144,1,11947,23893,10289,5143
207,2459,434267,1067862553,11.2639,109,14661,0,130,130,0,1,11,364,262,307,1,2502,5003,2459,1228
208,2957,487283,1440895831,11.5299,104,19386,0,136,136,0,0,11,426,254,275,1,3057,6113,2957,1477
209,21169,323201,6841841969,14.3697,25,,1,0,0,1,0,11,2380,911,989,1,26118,52235,21169,10583
210,5437,387161,2104994357,12.4086,53,39213,0,45,45,0,0,11,718,62,77,1,5960,11919,5437,2717
211,24373,389867,9502228391,14.573,136,,1,0,0,1,0,11,2706,510,534,1,30422,60843,24373,12185
212,14149,385519,5454708331,13.7884,37,155439,0,3,3,1,0,11,1665,62,77,1,16887,33773,14149,7073
213,18719,132001,2470926719,14.1922,42,,1,0,0,0,0,11,2137,14,23,1,22868,45735,18719,9358
214,29333,348241,10214953253,14.8402,26,,1,0,0,1,0,11,3187,510,534,1,37166,74331,29333,14665
215,31153,306041,9534095273,14.9271,37,,1,0,0,1,0,11,3356,510,534,1,39661,79321,31153,15575
216,15259,105529,1610267011,13.8974,24,174956,0,1,1,0,0,11,1780,62,77,1,18327,36653,15259,7628
217,27329,373171,10198390259,14.7381,179,,1,0,0,1,0,11,2990,510,534,1,34433,68865,27329,13663
218,25931,26821,695495351,14.6624,40,,1,0,0,0,3,11,2852,522,582,1,32530,65059,25931,12964
219,32143,143113,4600081159,14.9722,86,,1,0,0,0,0,11,3449,510,534,1,41017,82033,32143,16070
220,8629,358109,3090122561,13.075,220,102762,0,16,16,0,0,11,1075,510,534,1,9860,19719,8629,4313
221,30983,126653,3924089899,14.9192,19,,1,0,0,0,0,11,3340,254,275,1,39431,78861,30983,15490
222,20959,177647,3723303473,14.3553,21,,1,0,0,0,0,11,2357,254,275,1,25841,51681,20959,10478
223,12953,240859,3119846627,13.661,28,117387,0,4,4,0,0,11,1542,510,534,1,15338,30675,12953,6475
224,14797,331231,4901225107,13.853,34,,1,0,0,0,0,11,1734,254,275,1,17719,35437,14797,7397
225,17827,351749,6270629423,14.1218,71,,1,0,0,1,0,11,2044,510,534,1,21683,43365,17827,8912
226,4673,470863,2200342799,12.1901,62,39321,0,61,61,0,0,11,632,254,275,1,5053,10105,4673,2335
227,32297,304937,9848550289,14.9791,21,,1,0,0,1,0,11,3462,254,275,1,41234,82467,32297,16147
228,11261,146647,1651391867,13.459,93,,1,0,0,0,0,11,1362,254,275,1,13174,26347,11261,5629
229,14401,130183,1874765383,13.8139,42,197075,0,1,1,0,0,11,1687,254,275,1,17207,34413,14401,7199
230,11131,119881,1334395411,13.4423,21,117285,0,3,3,0,1,11,1349,72,117,1,13007,26013,11131,5564
231,5783,427619,2472920677,12.4976,54,61287,0,26,26,0,0,11,759,126,144,1,6377,12753,5783,2890
232,8599,388897,3344125303,13.07,48,117917,0,5,5,0,0,11,1071,510,534,1,9824,19647,8599,4298
233,17123,19963,341826449,14.0636,30,,1,0,0,0,111,11,1974,511,538,1,20765,41528,17123,8560
234,25367,85333,2164642211,14.6307,37,,1,0,0,0,0,11,2798,510,534,1,31770,63539,25367,12682
235,8609,30223,260189807,13.0716,60,102798,0,9,9,0,277,11,1072,510,534,1,9837,19673,8609,4303
236,2693,506251,1363333943,11.395,139,17433,0,191,191,0,0,11,392,126,144,1,2756,5511,2693,1345
237,28751,228131,6558994381,14.8113,24,,1,0,0,1,0,11,3131,510,534,1,36372,72743,28751,14374
238,28669,36161,1036699709,14.8072,20,,1,0,0,0,1,11,3124,542,662,1,36260,72518,28669,14333
239,28807,128767,3709390969,14.8141,20,,1,0,0,0,0,11,3137,1662,1695,1,36446,72891,28807,14402
240,17333,43963,762010679,14.0812,17,179244,0,2,2,0,2,11,1993,522,582,1,21042,42083,17333,8665
241,3541,294127,1041503707,11.7899,64,32077,0,101,101,0,1,11,496,30,42,1,3729,7457,3541,1769
242,31183,131297,4094234351,14.9285,280,,1,0,0,0,0,11,3360,510,534,1,39707,79413,31183,15590
243,29629,292427,8664319583,14.8547,49,,1,0,0,1,0,11,3215,254,275,1,37572,75143,29629,14813
244,31271,332317,10391884907,14.9325,23,,1,0,0,1,0,11,3372,126,144,1,39825,79649,31271,15634
245,16937,27943,473270591,14.0479,44,155520,0,2,2,0,25,11,1954,517,562,1,20522,41035,16937,8467
246,11987,20407,244618709,13.5492,15,118123,0,4,4,0,296,11,1438,511,538,1,14103,28204,11987,5992
247,9949,485311,4828359139,13.2803,42,107163,0,5,5,0,0,11,1227,254,275,1,11519,23037,9949,4973
248,3889,284737,1107342193,11.9252,51,19707,0,84,84,0,1,11,539,126,144,1,4133,8265,3889,1943
249,4493,472349,2122264057,12.1335,69,32807,0,58,58,0,0,11,610,254,275,1,4837,9673,4493,2245
250,2953,21433,63291649,11.528,57,12392,0,138,133,0,9823,11,425,126,144,1,3052,6103,2953,1475
251,4919,23071,113486249,12.2641,16,53379,0,49,49,0,2913,11,657,62,77,1,5341,10681,4919,2458
252,30091,46663,1404136333,14.877,52,,1,0,0,0,0,11,3253,254,275,1,38205,76408,30091,15044
253,27067,447743,12119059781,14.7242,21,,1,0,0,1,0,11,2968,986,1289,1,34075,68149,27067,13532
254,10429,505523,5272099367,13.3483,38,157958,0,5,5,0,0,11,1276,254,275,1,12123,24245,10429,5213
255,2903,229487,666200761,11.5033,66,19610,0,94,94,0,20,11,420,126,144,1,2993,5985,2903,1450
256,24697,61757,1525212629,14.592,220,,1,0,0,0,0,11,2735,510,534,1,30863,61725,24697,12347
257,17791,76837,1367007067,14.1189,22,,1,0,0,0,0,11,2042,126,144,1,21639,43277,17791,8894
258,9349,187367,1751694083,13.1906,35,118281,0,11,11,0,0,11,1158,126,144,1,10763,21525,9349,4673
259,10289,360749,3711746461,13.3288,42,154557,0,7,7,0,0,11,1262,254,275,1,11947,23893,10289,5143
260,14341,310187,4448391767,13.8079,25,157617,0,3,3,0,0,11,1682,62,77,1,17130,34259,14341,7169
261,8933,163259,1458392647,13.1249,30,120036,0,6,6,0,0,11,1111,254,275,1,10248,20495,8933,4465
262,19289,442487,8535131743,14.2355,38,,1,0,0,1,0,11,2187,511,538,1,23619,47237,19289,9643
263,12553,335771,4214933363,13.6157,41,,1,0,0,0,0,11,1500,254,275,1,14827,29653,12553,6275
264,11027,261509,2883659743,13.4288,35,139248,0,5,5,0,0,11,1337,254,275,1,12877,25753,11027,5512
265,25577,107867,2758914259,14.6426,50,,1,0,0,0,0,11,2815,254,275,1,32055,64109,25577,12787
266,9337,11393,106376441,13.1887,18,112026,0,14,14,0,3454,11,1155,126,144,1,10751,21492,9337,4667
267,3853,297971,1148082263,11.9118,85,40341,0,83,83,0,1,11,535,62,77,1,4089,8177,3853,1925
268,13267,422203,5601367201,13.6956,215,111375,0,4,4,1,0,11,1577,254,275,1,15741,31481,13267,6632
269,24223,342131,8287439213,14.5641,30,,1,0,0,1,0,11,2695,126,144,1,30223,60445,24223,12110
270,23971,269413,6458099023,14.549,44,,1,0,0,1,0,11,2665,126,144,1,29885,59769,23971,11984
271,30697,347533,10668220501,14.9058,46,,1,0,0,1,0,11,3311,510,534,1,39038,78075,30697,15347
272,3457,47969,165828833,11.7553,26,34964,0,96,96,0,1085,11,483,126,144,1,3633,7265,3457,1727
273,20063,318823,6396545849,14.2922,44,,1,0,0,1,0,11,2269,126,144,1,24643,49285,20063,10030
274,22751,454313,10336075063,14.4736,36,,1,0,0,1,0,11,2543,254,275,1,28242,56483,22751,11374
275,6521,120199,783817679,12.6709,28,109584,0,31,31,0,2,11,843,126,144,1,7270,14539,6521,3259
276,13687,328121,4490992127,13.7405,45,180060,0,2,2,0,0,11,1617,254,275,1,16285,32569,13687,6842
277,20521,93481,1918323601,14.3248,91,,1,0,0,0,0,11,2316,126,144,1,25258,50515,20521,10259
278,30089,425149,12792308261,14.8769,24,,1,0,0,1,0,11,3252,254,275,1,38203,76405,30089,15043
279,7823,513103,4014004769,12.9335,52,112176,0,15,15,0,0,11,989,126,144,1,8867,17733,7823,3910
280,23663,452017,10696078271,14.5303,43,,1,0,0,1,0,11,2632,894,921,1,29472,58943,23663,11830
281,4987,55697,277760939,12.284,25,45360,0,46,46,0,273,11,667,62,77,1,5423,10845,4987,2492
282,30517,92269,2815773073,14.8973,134,,1,0,0,0,0,11,3295,254,275,1,38792,77583,30517,15257
283,2707,228337,618108259,11.4025,58,35722,0,125,125,0,22,11,394,126,144,1,2774,5547,2707,1352
284,16217,23029,373461293,13.9852,16,,1,0,0,0,64,11,1884,254,275,1,19583,39157,16217,8107
285,25339,500527,12682853653,14.6291,34,176903,0,1,1,1,0,11,2794,126,144,1,31728,63455,25339,12668
286,22739,246557,5606459623,14.4729,24,,1,0,0,1,0,11,2541,62,77,1,28230,56459,22739,11368
287,28409,450169,12788851121,14.7941,37,,1,0,0,1,0,11,3091,894,921,1,35905,71809,28409,14203
288,12899,112241,1447796659,13.655,21,169829,0,1,1,0,0,11,1535,126,144,1,15261,30521,12899,6448
289,11633,223103,2595357199,13.5059,26,119718,0,2,2,0,0,11,1399,254,275,1,13648,27295,11633,5815
290,27919,33179,926324501,14.769,39,,1,0,0,0,1,11,3047,62,77,1,35237,70470,27919,13958
291,14639,456877,6688222403,13.8375,33,,1,0,0,1,0,11,1715,254,275,1,17517,35033,14639,7318
292,11173,350033,3910918709,13.4477,40,172698,0,4,4,0,0,11,1354,511,538,1,13064,26127,11173,5585
293,21313,216023,4604098199,14.3794,32,,1,0,0,0,0,11,2392,254,275,1,26314,52627,21313,10655
294,13441,511579,6876133339,13.7144,43,170511,0,4,4,1,0,11,1593,126,144,1,15963,31925,13441,6719
295,14947,256187,3829227089,13.8676,35,,1,0,0,0,0,11,1750,510,534,1,17917,35833,14947,7472
296,29383,346699,10187056717,14.8427,70,,1,0,0,1,0,11,3191,510,534,1,37234,74467,29383,14690
297,31079,99367,3088226993,14.9237,24,,1,0,0,0,0,11,3348,510,534,1,39567,79133,31079,15538
298,27527,66523,1831178621,14.7486,170,,1,0,0,0,0,11,3006,510,534,1,34703,69405,27527,13762
299,21673,25847,560182031,14.4036,32,,1,0,0,0,24,11,2433,287,407,1,26797,53593,21673,10835
300,18169,360863,6556519847,14.1492,26,,1,0,0,1,0,11,2082,510,534,1,22141,44281,18169,9083
301,26591,245269,6521947979,14.6987,28,,1,0,0,1,0,11,2917,953,1157,1,33432,66863,26591,13294
302,3511,480587,1687340957,11.7777,83,38178,0,79,79,0,0,11,490,254,275,1,3695,7389,3511,1754
303,2531,85733,216990223,11.3055,32,17579,0,155,155,0,596,11,370,126,144,1,2578,5155,2531,1264
304,5441,513311,2792925151,12.4097,72,39105,0,38,38,0,0,11,719,254,275,1,5965,11929,5441,2719
305,20717,123269,2553763873,14.3385,28,,1,0,0,0,0,11,2332,546,678,1,25514,51027,20717,10357
306,16519,181813,3003368947,14.0118,174,164019,0,3,3,0,0,11,1913,254,275,1,19966,39931,16519,8258
307,11779,27197,320353463,13.5239,20,133380,0,3,3,0,185,11,1411,277,367,1,13834,27667,11779,5888
308,29723,40433,1201790059,14.8593,16,,1,0,0,0,1,11,3223,254,275,1,37703,75400,29723,14860
309,5003,233143,1166414429,12.2886,93,39095,0,53,53,0,1,11,670,126,144,1,5440,10879,5003,2500
310,24061,497597,11972681417,14.5544,57,,1,0,0,1,0,11,2676,510,534,1,30006,60011,24061,12029
311,11483,31019,356191177,13.4872,82,59211,0,7,7,0,88,11,1384,514,550,1,13457,26913,11483,5740
312,23059,26177,603615443,14.493,20,,1,0,0,0,22,11,2575,558,726,1,28660,57318,23059,11528
313,2357,398011,938111927,11.2027,101,13175,0,162,162,0,1,11,350,126,144,1,2385,4769,2357,1177
314,25321,299731,7589488651,14.628,35,,1,0,0,1,0,11,2793,14,23,1,31703,63405,25321,12659
315,10169,106957,1087645733,13.3119,28,124683,0,8,8,0,1,11,1249,510,534,1,11791,23581,10169,5083
316,11471,156007,1789556297,13.4857,175,113726,0,3,3,0,0,11,1383,530,614,1,13440,26879,11471,5734
317,20431,32099,655814669,14.3185,75,,1,0,0,0,21,11,2308,254,275,1,25136,50271,20431,10214
318,7727,210907,1629678389,12.9157,26,45918,0,15,15,0,0,11,981,254,275,1,8743,17485,7727,3862
319,2903,101501,294657403,11.5033,51,19610,0,94,94,0,232,11,420,62,77,1,2993,5985,2903,1450
320,10193,37831,385611383,13.3153,16,119808,0,3,3,0,62,11,1252,126,144,1,11824,23647,10193,5095
321,18731,142099,2661656369,14.1931,27,,1,0,0,0,0,11,2138,254,275,1,22881,45761,18731,9364
322,29879,31469,940262251,14.8668,35,,1,0,0,0,1,11,3237,254,275,1,37921,75837,29879,14938
323,32029,37409,1198172861,14.9671,23,,1,0,0,0,1,11,3436,510,534,1,40865,81729,32029,16013
324,13907,491333,6832968031,13.7635,52,,1,0,0,1,0,11,1644,510,534,1,16572,33143,13907,6952
325,3673,471607,1732212511,11.8427,83,32889,0,99,99,0,0,11,513,14,23,1,3880,7759,3673,1835
326,17419,144037,2508980503,14.0884,20,,1,0,0,0,0,11,2004,265,319,1,21153,42305,17419,8708
327,7537,90437,681623669,12.8798,546,39528,0,20,20,0,5,11,955,126,144,1,8515,17029,7537,3767
328,15161,60223,913040903,13.8881,63,178523,0,1,1,0,1,11,1771,254,275,1,18194,36387,15161,7579
329,32309,253433,8188166797,14.9796,157,,1,0,0,1,0,11,3465,510,534,1,41253,82505,32309,16153
330,20269,112279,2275783051,14.307,19,,1,0,0,0,0,11,2291,510,534,1,24921,49841,20269,10133
331,9851,13309,131106959,13.2661,13,174705,0,2,2,0,1986,11,1215,254,275,1,11395,22785,9851,4924
332,5333,98573,525689809,12.3807,25,13122,0,55,55,0,24,11,706,254,275,1,5836,11671,5333,2665
333,13873,62201,862914473,13.76,22,,1,0,0,0,2,11,1638,258,291,1,16530,33059,13873,6935
334,25537,207877,5308554949,14.6403,29,,1,0,0,0,0,11,2812,254,275,1,31994,63987,25537,12767
335,13537,86711,1173806807,13.7246,22,117371,0,3,3,0,1,11,1603,522,582,1,16087,32173,13537,6767
336,19489,370631,7223227559,14.2504,74,170424,0,2,2,1,0,11,2212,254,275,1,23883,47765,19489,9743
337,11027,374041,4124550107,13.4288,36,139248,0,5,5,0,0,11,1337,254,275,1,12877,25753,11027,5512
338,6719,353411,2374568509,12.714,65,39374,0,24,24,0,0,11,867,254,275,1,7509,15017,6719,3358
339,23561,350593,8260321673,14.5241,29,170595,0,1,1,1,0,11,2620,254,275,1,29334,58667,23561,11779
340,11173,124433,1390289909,13.4477,28,172698,0,4,4,0,0,11,1354,62,77,1,13064,26127,11173,5585
341,4457,440383,1962787031,12.1219,64,37854,0,59,59,0,0,11,606,254,275,1,4796,9591,4457,2227
342,8849,67427,596661523,13.1113,26,117792,0,7,7,0,22,11,1103,254,275,1,10140,20279,8849,4423
343,29927,41843,1252235461,14.8692,39,,1,0,0,0,1,11,3241,542,662,1,37981,75961,29927,14962
344,25657,393109,10085997613,14.6471,66,,1,0,0,1,0,11,2826,254,275,1,32164,64327,25657,12827
345,9767,423257,4133951119,13.2537,55,118037,0,5,5,0,0,11,1204,126,144,1,11288,22575,9767,4882
346,26161,41621,1088846981,14.6751,31,,1,0,0,0,1,11,2875,516,558,1,32846,65685,26161,13079
347,14503,425899,6176813197,13.8241,36,119799,0,3,3,1,0,11,1699,254,275,1,17339,34677,14503,7250
348,6833,197963,1352681179,12.7383,61,109134,0,20,20,0,0,11,880,62,77,1,7652,15303,6833,3415
349,30497,191339,5835265483,14.8964,26,,1,0,0,1,0,11,3293,62,77,1,38768,77535,30497,15247
350,4373,20333,88916209,12.0944,16,39558,0,56,54,0,5021,11,597,126,144,1,4697,9393,4373,2185
351,7187,360817,2593191779,12.8112,43,55404,0,16,16,0,0,11,918,62,77,1,8080,16159,7187,3592
352,8369,163733,1370281477,13.0308,24,110052,0,6,6,0,0,11,1048,126,144,1,9539,19077,8369,4183
353,22367,246217,5507135639,14.4491,138,,1,0,0,1,0,11,2503,894,921,1,27732,55463,22367,11182
354,8317,24121,200614357,13.0218,38,124576,0,9,9,0,671,11,1044,62,77,1,9477,18953,8317,4157
355,16061,487973,7837334353,13.9713,30,111510,0,2,2,1,0,11,1867,126,144,1,19367,38733,16061,8029
356,31333,100213,3139973929,14.9354,25,,1,0,0,0,0,11,3378,254,275,1,39909,79817,31333,15665
357,28597,322891,9233713927,14.8036,81,,1,0,0,1,0,11,3112,126,144,1,36163,72325,28597,14297
358,8741,415147,3628799927,13.0936,52,98667,0,19,19,0,0,11,1090,126,144,1,10001,20001,8741,4369
359,25579,67901,1736839679,14.6427,22,,1,0,0,0,0,11,2816,547,682,1,32056,64111,25579,12788
360,16349,361727,5913874723,13.9969,46,156816,0,2,2,1,0,11,1896,510,534,1,19743,39485,16349,8173
361,30971,347317,10756754807,14.9186,136,,1,0,0,1,0,11,3338,510,534,1,39413,78825,30971,15484
362,5657,180337,1020166409,12.4658,30,53199,0,40,40,0,1,11,745,62,77,1,6223,12445,5657,2827
363,31249,452689,14146078561,14.9315,45,,1,0,0,1,0,11,3368,510,534,1,39791,79581,31249,15623
364,15907,521557,8296407199,13.9574,59,,1,0,0,1,0,11,1854,254,275,1,19170,38339,15907,7952
365,20731,323137,6698953147,14.3395,23,,1,0,0,1,0,11,2334,510,534,1,25530,51059,20731,10364
366,5119,183437,939014003,12.3216,41,43578,0,37,37,0,1,11,685,62,77,1,5582,11163,5119,2558
367,32633,483719,15785202127,14.994,32,,1,0,0,1,0,11,3503,254,275,1,41699,83397,32633,16315
368,4373,380197,1662601481,12.0944,66,39558,0,54,54,0,0,11,597,510,534,1,4697,9393,4373,2185
369,30671,259907,7971607597,14.9046,24,,1,0,0,1,0,11,3308,510,534,1,39003,78005,30671,15334
370,8123,57649,468282827,12.9878,22,58077,0,11,11,0,26,11,1022,126,144,1,9233,18465,8123,4060
371,8923,462667,4128377641,13.1233,126,99117,0,8,8,0,0,11,1109,254,275,1,10232,20463,8923,4460
372,19319,32377,625491263,14.2377,22,,1,0,0,0,22,11,2190,254,275,1,23665,47328,19319,9658
373,32183,330703,10643014649,14.974,21,,1,0,0,1,0,11,3452,254,275,1,41076,82151,32183,16090
374,13799,270191,3728365609,13.7523,27,118259,0,3,3,0,0,11,1632,510,534,1,16430,32859,13799,6898
375,15809,424729,6714540761,13.9485,75,118020,0,2,2,1,0,11,1845,254,275,1,19043,38085,15809,7903
376,8123,276007,2242004861,12.9878,49,58077,0,11,11,0,0,11,1022,62,77,1,9233,18465,8123,4060
377,7193,48109,346048037,12.8124,56,117353,0,14,14,0,101,11,919,254,275,1,8089,16177,7193,3595
378,25523,305497,7797199931,14.6395,33,,1,0,0,1,0,11,2811,254,275,1,31979,63957,25523,12760
379,15241,159287,2427693167,13.8957,42,118091,0,1,1,0,0,11,1779,593,866,1,18300,36599,15241,7619
380,26777,318431,8526626887,14.7087,30,,1,0,0,1,0,11,2938,894,921,1,33687,67373,26777,13387
381,12401,16829,208696429,13.5982,44,,1,0,0,0,655,11,1480,254,275,1,14635,29261,12401,6199
382,8467,196541,1664112647,13.0476,26,98425,0,9,9,0,0,11,1059,510,534,1,9664,19327,8467,4232
383,27767,440987,12244886029,14.7611,25,,1,0,0,1,0,11,3030,510,534,1,35031,70061,27767,13882
384,24151,129517,3127965067,14.5598,22,,1,0,0,0,0,11,2689,522,582,1,30133,60265,24151,12074
385,5441,326257,1775164337,12.4097,54,39105,0,38,38,0,0,11,719,254,275,1,5965,11929,5441,2719
386,6067,316189,1918318663,12.5668,43,43749,0,29,29,0,0,11,791,62,77,1,6719,13437,6067,3032
387,25639,265861,6816410179,14.6461,24,,1,0,0,1,0,11,2824,510,534,1,32134,64267,25639,12818
388,22501,59467,1338066967,14.4577,807,,1,0,0,0,1,11,2516,62,77,1,27901,55801,22501,11249
389,4759,120817,574968103,12.2164,45,39149,0,59,59,0,23,11,641,30,42,1,5152,10303,4759,2378
390,15607,140891,2198885837,13.9299,51,,1,0,0,0,0,11,1820,30,42,1,18777,37553,15607,7802
391,2819,328283,925429777,11.461,82,20405,0,126,126,0,1,11,410,62,77,1,2901,5801,2819,1408
392,26171,234029,6124772959,14.6757,59,,1,0,0,1,0,11,2876,510,534,1,32860,65719,26171,13084
393,19471,193247,3762712337,14.249,26,,1,0,0,0,0,11,2209,254,275,1,23860,47719,19471,9734
394,28627,187513,5367934651,14.8051,21,,1,0,0,0,0,11,3117,254,275,1,36204,72407,28627,14312
395,17761,390193,6930217873,14.1164,38,,1,0,0,1,0,11,2039,254,275,1,21600,43199,17761,8879
396,29297,232741,6818613077,14.8385,26,,1,0,0,1,0,11,3183,510,534,1,37116,74231,29297,14647
397,27803,216877,6029831231,14.763,94,,1,0,0,1,0,11,3036,254,275,1,35075,70149,27803,13900
398,24841,410231,10190548271,14.6004,48,,1,0,0,1,0,11,2746,510,534,1,31058,62115,24841,12419
399,3181,120371,382900151,11.6353,33,32786,0,118,118,0,63,11,450,62,77,1,3314,6627,3181,1589
400,4751,27449,130410199,12.214,32,37910,0,35,35,0,1996,11,640,126,144,1,5143,10285,4751,2374
401,24071,502441,12094257311,14.555,29,,1,0,0,1,0,11,2677,254,275,1,30019,60037,24071,12034
402,15683,387197,6072410551,13.9369,33,,1,0,0,1,0,11,1831,510,534,1,18877,37753,15683,7840
403,5333,419803,2238809399,12.3807,58,13122,0,55,55,0,0,11,706,254,275,1,5836,11671,5333,2665
404,32633,148501,4846033133,14.994,16,,1,0,0,0,0,11,3503,510,534,1,41699,83397,32633,16315
405,9643,385289,3715341827,13.2353,41,117376,0,7,7,0,0,11,1191,62,77,1,11131,22261,9643,4820
406,5297,389399,2062646503,12.371,57,58817,0,54,54,0,0,11,702,510,534,1,5793,11585,5297,2647
407,8963,23561,211177243,13.1298,15,111616,0,8,9,0,634,11,1114,254,275,1,10283,20565,8963,4480
408,13441,46229,621363989,13.7144,24,170511,0,4,4,0,22,11,1593,266,323,1,15963,31925,13441,6719
409,9319,140731,1311472189,13.186,26,122202,0,6,6,0,1,11,1153,126,144,1,10724,21447,9319,4658
410,25261,401407,10139942227,14.6246,32,,1,0,0,1,0,11,2788,510,534,1,31622,63243,25261,12629
411,4547,99571,452749337,12.1507,24,39932,0,53,53,0,43,11,616,126,144,1,4905,9809,4547,2272
412,20743,418603,8683082029,14.3403,27,,1,0,0,1,0,11,2335,899,941,1,25549,51097,20743,10370
413,31019,221621,6874461799,14.9209,24,,1,0,0,1,0,11,3342,254,275,1,39479,78957,31019,15508
414,31849,306821,9771942029,14.959,18,,1,0,0,1,0,11,3422,894,921,1,40617,81233,31849,15923
415,21751,240763,5236836013,14.4088,39,,1,0,0,0,0,11,2440,254,275,1,26898,53795,21751,10874
416,29453,384277,11318110481,14.8461,36,,1,0,0,1,0,11,3201,514,550,1,37328,74655,29453,14725
417,30677,85531,2623834487,14.9049,18,,1,0,0,0,0,11,3309,510,534,1,39010,78019,30677,15337
418,12511,190529,2383708319,13.6109,41,,1,0,0,0,0,11,1494,254,275,1,14771,29541,12511,6254
419,24611,71887,1769210957,14.587,36,,1,0,0,0,0,11,2727,126,144,1,30748,61495,24611,12304
420,13451,469849,6319938899,13.7154,40,,1,0,0,1,0,11,1594,126,144,1,15974,31947,13451,6724
421,24379,266719,6502342501,14.5734,32,,1,0,0,1,0,11,2707,510,534,1,30429,60857,24379,12188
422,11059,467681,5172084179,13.4329,40,161916,0,7,7,0,0,11,1340,126,144,1,12920,25839,11059,5528
423,31237,186841,5836352317,14.931,38,,1,0,0,1,0,11,3366,254,275,1,39777,79553,31237,15617
424,14369,314581,4520214389,13.8107,26,,1,0,0,0,0,11,1684,126,144,1,17168,34335,14369,7183
425,9439,23131,218333509,13.2044,16,111501,0,4,4,0,585,11,1170,510,534,1,10876,21751,9439,4718
426,6829,88513,604455277,12.7375,38,64151,0,22,22,0,22,11,879,126,144,1,7647,15293,6829,3413
427,29209,260329,7603949761,14.8341,29,,1,0,0,1,0,11,3176,573,786,1,36999,73997,29209,14603
428,10271,519863,5339512873,13.3263,44,118150,0,9,9,0,0,11,1260,30,42,1,11923,23845,10271,5134
429,21991,65843,1447953413,14.4246,178,,1,0,0,0,0,11,2463,510,534,1,27225,54449,21991,10994
430,17939,70141,1258259399,14.1308,23,,1,0,0,0,1,11,2057,254,275,1,21832,43663,17939,8968
431,3643,95071,346343653,11.8309,33,13851,0,73,73,0,97,11,510,126,144,1,3847,7693,3643,1820
432,29077,404321,11756441717,14.8276,26,,1,0,0,1,0,11,3162,254,275,1,36813,73625,29077,14537
433,24517,183511,4499139187,14.5815,27,,1,0,0,0,0,11,2720,510,534,1,30617,61233,24517,12257
434,32573,434813,14163163849,14.9914,25,,1,0,0,1,0,11,3496,510,534,1,41620,83239,32573,16285
435,13697,397907,5450132179,13.7416,42,,1,0,0,1,0,11,1620,126,144,1,16298,32595,13697,6847
436,5839,131627,768570053,12.5115,25,46007,0,35,35,0,2,11,766,510,534,1,6442,12883,5839,2918
437,11633,109363,1272219779,13.5059,53,119718,0,2,2,0,1,11,1399,303,471,1,13648,27295,11633,5815
438,21673,488171,10580130083,14.4036,38,,1,0,0,1,0,11,2433,254,275,1,26797,53593,21673,10835
439,19861,432203,8583983783,14.2777,26,,1,0,0,1,0,11,2247,510,534,1,24377,48753,19861,9929
440,16829,259813,4372392977,14.0387,22,,1,0,0,0,0,11,1942,254,275,1,20374,40747,16829,8413
441,15889,473293,7520152477,13.9557,29,,1,0,0,1,0,11,1852,510,534,1,19148,38295,15889,7943
442,7489,302189,2263093421,12.8706,34,110871,0,18,18,0,0,11,949,62,77,1,8453,16905,7489,3743
443,32057,82153,2633578721,14.9684,19,,1,0,0,0,0,11,3438,254,275,1,40908,81815,32057,16027
444,25889,162881,4216826209,14.6601,30,,1,0,0,0,0,11,2848,268,331,1,32472,64943,25889,12943
445,20731,221303,4587832493,14.3395,31,,1,0,0,0,0,11,2334,510,534,1,25530,51059,20731,10364
446,6287,216481,1361016047,12.6182,31,40014,0,32,32,0,0,11,818,254,275,1,6985,13969,6287,3142
447,9829,89797,882614713,13.2628,62,56943,0,14,14,0,2,11,1212,254,275,1,11364,22727,9829,4913
448,31859,148711,4737783749,14.9594,63,,1,0,0,0,0,11,3423,510,534,1,40634,81267,31859,15928
449,27437,93229,2557924073,14.7438,33,,1,0,0,0,0,11,2999,530,614,1,34584,69167,27437,13717
450,15907,500471,7960992197,13.9574,67,,1,0,0,1,0,11,1854,254,275,1,19170,38339,15907,7952
451,9371,175937,1648705627,13.194,27,97685,0,7,7,0,0,11,1159,510,534,1,10788,21575,9371,4684
452,14831,207517,3077684627,13.8563,77,124656,0,3,3,0,0,11,1738,126,144,1,17761,35521,14831,7414
453,32363,342211,11074974593,14.9821,30,,1,0,0,1,0,11,3472,254,275,1,41326,82651,32363,16180
454,31319,247651,7756181669,14.9348,46,,1,0,0,1,0,11,3375,254,275,1,39892,79783,31319,15658
455,25031,329717,8253146227,14.6114,29,,1,0,0,1,0,11,2764,254,275,1,31318,62635,25031,12514
456,5021,256967,1290231307,12.2938,45,37097,0,60,60,0,1,11,673,126,144,1,5465,10929,5021,2509
457,26261,501463,13168919843,14.6806,44,,1,0,0,1,0,11,2886,254,275,1,32978,65955,26261,13129
458,16567,23879,395603393,14.016,17,,1,0,0,0,62,11,1918,254,275,1,20029,40057,16567,8282
459,21401,323441,6921960841,14.3854,35,,1,0,0,1,0,11,2403,510,534,1,26431,52861,21401,10699
460,7621,91253,695439113,12.8958,32,58310,0,11,11,0,3,11,968,126,144,1,8614,17227,7621,3809
461,18583,66191,1230027353,14.1817,19,,1,0,0,0,1,11,2126,254,275,1,22685,45369,18583,9290
462,2549,64627,164734223,11.3157,26,14583,0,143,143,0,1120,11,373,6,12,1,2597,5193,2549,1273
463,13267,149839,1987914013,13.6956,400,111375,0,4,4,0,0,11,1577,254,275,1,15741,31481,13267,6632
464,25577,233407,5969850839,14.6426,31,,1,0,0,1,0,11,2815,254,275,1,32055,64109,25577,12787
465,27143,340339,9237821477,14.7283,38,,1,0,0,1,0,11,2976,254,275,1,34177,68353,27143,13570
466,6599,31267,206330933,12.688,17,58257,0,24,24,0,665,11,853,126,144,1,7365,14729,6599,3298
467,11383,234791,2672625953,13.4746,30,59055,0,8,8,0,0,11,1374,510,534,1,13326,26651,11383,5690
468,6679,411041,2745342839,12.7054,44,109809,0,11,11,0,0,11,861,254,275,1,7457,14913,6679,3338
469,25247,74831,1889258257,14.6238,42,,1,0,0,0,0,11,2786,126,144,1,31606,63211,25247,12622
470,2539,310187,787564793,11.31,75,18710,0,158,158,0,2,11,371,126,144,1,2587,5173,2539,1268
471,29383,34369,1009864327,14.8427,20,,1,0,0,0,1,11,3191,254,275,1,37235,74468,29383,14690
472,27509,144169,3965945021,14.7476,22,,1,0,0,0,0,11,3005,254,275,1,34680,69359,27509,13753
473,25657,80611,2068236427,14.6471,26,,1,0,0,0,0,11,2826,304,475,1,32164,64327,25657,12827
474,5651,165397,934658447,12.4643,30,54423,0,35,35,0,1,11,743,254,275,1,6213,12425,5651,2824
475,3413,112279,383208227,11.7368,69,32994,0,94,94,0,62,11,480,254,275,1,3580,7159,3413,1705
476,8747,14923,130531481,13.0946,35,113745,0,10,10,0,1994,11,1091,126,144,1,10013,20024,8747,4372
477,30517,520193,15874729781,14.8973,40,,1,0,0,1,0,11,3295,510,534,1,38792,77583,30517,15257
478,15173,430279,6528623267,13.8892,39,177623,0,3,3,1,0,11,1772,126,144,1,18211,36421,15173,7585
479,23209,416149,9658402141,14.5024,30,,1,0,0,1,0,11,2591,254,275,1,28865,57729,23209,11603
480,8803,491833,4329605899,13.1038,43,125172,0,14,14,0,0,11,1096,258,291,1,10081,20161,8803,4400
481,26261,361943,9504985123,14.6806,40,,1,0,0,1,0,11,2886,510,534,1,32978,65955,26261,13129
482,7253,28289,205180117,12.8244,26,51786,0,22,22,0,665,11,928,254,275,1,8160,16319,7253,3625
483,19403,167987,3259451761,14.244,20,,1,0,0,0,0,11,2197,254,275,1,23774,47547,19403,9700
484,24907,178621,4448913247,14.6043,24,,1,0,0,0,0,11,2752,894,921,1,31146,62291,24907,12452
485,20641,336769,6951248929,14.3332,26,,1,0,0,1,0,11,2327,126,144,1,25411,50821,20641,10319
486,23039,69463,1600358057,14.4918,75,,1,0,0,0,0,11,2571,254,275,1,28631,57261,23039,11518
487,10333,411683,4253920439,13.335,36,179162,0,2,2,0,0,11,1268,510,534,1,12001,24001,10333,5165
488,26267,516829,13575547343,14.681,34,,1,0,0,1,0,11,2888,510,534,1,32988,65975,26267,13132
489,18617,53549,996921733,14.1843,21,,1,0,0,0,1,11,2129,254,275,1,22732,45463,18617,9307
490,24251,313783,7609551533,14.5658,30,,1,0,0,1,0,11,2699,562,742,1,30261,60521,24251,12124
491,5881,155443,914160283,12.5218,34,50382,0,35,35,0,1,11,775,30,42,1,6491,12981,5881,2939
492,9091,120077,1091620007,13.1502,201,96225,0,10,10,0,1,11,1128,254,275,1,10441,20881,9091,4544
493,7639,374687,2862233993,12.8992,52,113781,0,15,15,0,0,11,969,254,275,1,8635,17269,7639,3818
494,23159,517711,11989669049,14.4993,29,,1,0,0,1,0,11,2584,510,534,1,28788,57575,23159,11578
495,13099,293413,3843416887,13.6772,74,156725,0,1,1,0,0,11,1558,517,562,1,15524,31047,13099,6548
496,22123,199783,4419799309,14.4333,46,,1,0,0,0,0,11,2480,510,534,1,27398,54795,22123,11060
497,17921,181183,3246980543,14.1294,39,,1,0,0,0,0,11,2054,894,921,1,21809,43617,17921,8959
498,10627,210053,2232233231,13.3754,44,,1,0,0,0,0,11,1296,510,534,1,12376,24751,10627,5312
499,25127,203761,5119902647,14.617,68,,1,0,0,0,0,11,2774,254,275,1,31440,62879,25127,12562
500,30689,77477,2377691653,14.9054,39,,1,0,0,0,0,11,3310,254,275,1,39027,78053,30689,15343
501,10861,405157,4400410177,13.4069,37,156731,0,3,3,0,0,11,1321,254,275,1,12671,25341,10861,5429
502,26309,288007,7577176163,14.6833,96,,1,0,0,1,0,11,2891,510,534,1,33045,66089,26309,13153
503,14251,22787,324737537,13.7988,27,,1,0,0,0,183,11,1675,563,746,1,17017,34033,14251,7124
504,19207,361237,6938279059,14.2293,29,,1,0,0,1,0,11,2177,62,77,1,23511,47021,19207,9602
505,19333,498257,9632802581,14.2388,97,172770,0,2,2,1,0,11,2191,254,275,1,23682,47363,19333,9665
506,26881,519931,13976265211,14.7143,32,,1,0,0,1,0,11,2949,254,275,1,33826,67651,26881,13439
507,4691,39373,184698743,12.1957,20,39231,0,41,41,0,778,11,634,126,144,1,5073,10145,4691,2344
508,8363,523553,4378473739,13.0298,56,105218,0,12,12,0,0,11,1047,254,275,1,9532,19063,8363,4180
509,7621,417727,3183497467,12.8958,55,58310,0,11,11,0,0,11,968,254,275,1,8614,17227,7621,3809
510,26437,513341,13571196017,14.6903,32,,1,0,0,1,0,11,2905,254,275,1,33213,66425,26437,13217
511,11423,170141,1943520643,13.4797,40,159627,0,1,1,0,0,11,1378,126,144,1,13378,26755,11423,5710
512,17539,149689,2625395371,14.0983,19,,1,0,0,0,0,11,2017,126,144,1,21314,42627,17539,8768
513,25307,501037,12679743359,14.6272,48,,1,0,0,1,0,11,2791,254,275,1,31681,63361,25307,12652
514,32117,136841,4394922397,14.971,21,,1,0,0,0,0,11,3446,254,275,1,40988,81975,32117,16057
515,16223,432227,7012018621,13.9858,595,157488,0,2,2,1,0,11,1885,126,144,1,19584,39167,16223,8110
516,16931,34301,580750231,14.0474,28,,1,0,0,0,23,11,1953,256,283,1,20509,41017,16931,8464
517,20201,219889,4441977689,14.3021,73,,1,0,0,0,0,11,2285,126,144,1,24827,49653,20201,10099
518,28793,36761,1058459473,14.8134,20,,1,0,0,0,1,11,3136,254,275,1,36434,72853,28793,14395
519,10993,99581,1094693933,13.4243,34,137286,0,3,3,0,1,11,1335,510,534,1,12835,25669,10993,5495
520,3301,346187,1142763287,11.6887,68,19512,0,111,111,0,1,11,464,62,77,1,3450,6899,3301,1649
521,17389,70117,1219264513,14.0859,296,,1,0,0,0,1,11,2000,510,534,1,21115,42229,17389,8693
522,28643,176317,5050247831,14.8059,17,,1,0,0,0,0,11,3119,531,618,1,36226,72451,28643,14320
523,5669,219313,1243285397,12.4689,40,52263,0,27,27,0,1,11,747,510,534,1,6237,12473,5669,2833
524,21401,482309,10321894909,14.3854,26,,1,0,0,1,0,11,2403,510,534,1,26431,52861,21401,10699
525,20341,228733,4652657953,14.3121,35,,1,0,0,0,0,11,2297,254,275,1,25015,50029,20341,10169
526,32077,435779,13978482983,14.9693,34,,1,0,0,1,0,11,3442,510,534,1,40928,81855,32077,16037
527,10337,415069,4290568253,13.3355,52,98253,0,8,8,0,0,11,1269,62,77,1,12010,24019,10337,5167
528,17929,478813,8584638277,14.13,32,,1,0,0,1,0,11,2056,254,275,1,21819,43637,17929,8963
529,23251,36721,853799971,14.505,15,177063,0,2,2,0,2,11,2593,254,275,1,28917,57833,23251,11624
530,19997,166601,3331520197,14.2875,65,,1,0,0,0,0,11,2262,569,770,1,24558,49115,19997,9997
531,16981,499483,8481720823,14.0516,31,,1,0,0,1,0,11,1958,254,275,1,20570,41139,16981,8489
532,9221,147089,1356307669,13.1707,28,96219,0,9,9,0,0,11,1143,254,275,1,10608,21215,9221,4609
533,11257,275921,3106042697,13.4585,37,178548,0,4,4,0,0,11,1361,510,534,1,13171,26341,11257,5627
534,14057,48953,688132321,13.779,20,157941,0,2,2,0,4,11,1658,510,534,1,16764,33527,14057,7027
535,17491,335557,5869227487,14.0943,27,153090,0,2,2,1,0,11,2013,254,275,1,21246,42491,17491,8744
536,17351,361787,6277366237,14.0827,41,166212,0,2,2,1,0,11,1995,510,534,1,21062,42123,17351,8674
537,12491,142699,1782453209,13.6086,26,175706,0,2,2,0,0,11,1491,254,275,1,14744,29487,12491,6244
538,24767,518717,12847063939,14.5961,51,,1,0,0,1,0,11,2740,254,275,1,30962,61923,24767,12382
539,32077,55793,1789672061,14.9693,27,,1,0,0,0,0,11,3442,254,275,1,40928,81855,32077,16037
540,28607,168451,4818877757,14.8041,62,,1,0,0,0,0,11,3114,254,275,1,36173,72345,28607,14302
541,16447,148513,2442593311,14.0055,52,,1,0,0,0,0,11,1906,126,144,1,19875,39749,16447,8222
542,15791,16729,264167639,13.9468,40,158031,0,2,2,0,277,11,1842,126,144,1,19020,38036,15791,7894
543,30197,170483,5148075151,14.8821,19,,1,0,0,0,0,11,3266,894,921,1,38355,76709,30197,15097
544,2141,56417,120788797,11.0641,25,10908,0,167,168,0,2378,11,323,126,144,1,2145,4289,2141,1069
545,30103,468439,14101419217,14.8776,22,,1,0,0,1,0,11,3255,894,921,1,38220,76439,30103,15050
546,5651,170447,963195997,12.4643,29,54423,0,35,35,0,1,11,743,254,275,1,6213,12425,5651,2824
547,20183,39581,798863323,14.3009,24,,1,0,0,0,2,11,2284,126,144,1,24804,49607,20183,10090
548,24391,114329,2788598639,14.5741,28,,1,0,0,0,0,11,2708,254,275,1,30443,60885,24391,12194
549,15269,280253,4279183057,13.8983,23,,1,0,0,0,0,11,1782,62,77,1,18339,36677,15269,7633
550,3881,228637,887340197,11.9222,51,32561,0,92,92,0,2,11,538,126,144,1,4120,8239,3881,1939
551,8719,278237,2425948403,13.0899,33,113013,0,5,5,0,0,11,1087,126,144,1,9974,19947,8719,4358
552,27809,469793,13064473537,14.7633,29,,1,0,0,1,0,11,3037,510,534,1,35088,70175,27809,13903
553,31391,440261,13820233051,14.9381,39,,1,0,0,1,0,11,3383,1084,1324,1,39982,79963,31391,15694
554,11839,35111,415679129,13.5313,43,161810,0,4,4,0,62,11,1421,254,275,1,13912,27823,11839,5918
555,30161,147709,4455051149,14.8804,67,,1,0,0,0,0,11,3262,510,534,1,38301,76601,30161,15079
556,20479,215857,4420535503,14.3219,20,,1,0,0,0,0,11,2312,254,275,1,25204,50407,20479,10238
557,21881,303421,6639154901,14.4174,29,,1,0,0,1,0,11,2455,894,921,1,27073,54145,21881,10939
558,8179,415949,3402046871,12.9977,45,98335,0,8,8,0,0,11,1027,510,534,1,9304,18607,8179,4088
559,8923,198479,1771028117,13.1233,27,99117,0,8,8,0,0,11,1109,126,144,1,10232,20463,8923,4460
560,3967,19819,78621973,11.9538,255,37191,0,96,96,0,6461,11,549,62,77,1,4225,8449,3967,1982
561,10691,235663,2519473133,13.3841,35,163214,0,3,3,0,0,11,1304,126,144,1,12450,24899,10691,5344
562,26431,325093,8592533083,14.6899,36,,1,0,0,1,0,11,2904,254,275,1,33204,66407,26431,13214
563,21757,337639,7346011723,14.4092,31,,1,0,0,1,0,11,2441,30,42,1,26905,53809,21757,10877
564,31723,450361,14286802003,14.9532,30,,1,0,0,1,0,11,3411,894,921,1,40444,80887,31723,15860
565,13687,210487,2880935569,13.7405,22,180060,0,2,2,0,0,11,1617,126,144,1,16285,32569,13687,6842
566,12527,355379,4451832733,13.6128,38,190265,0,1,1,0,0,11,1496,515,554,1,14791,29581,12527,6262
567,23203,140533,3260787199,14.502,26,177140,0,1,1,0,0,11,2590,254,275,1,28846,57691,23203,11600
568,26357,383483,10107461431,14.6859,24,,1,0,0,1,0,11,2896,510,534,1,33110,66219,26357,13177
569,29129,320041,9322474289,14.8302,93,,1,0,0,1,0,11,3165,894,921,1,36888,73775,29129,14563
570,11941,378179,4515835439,13.5436,51,188079,0,2,2,0,0,11,1432,62,77,1,14046,28091,11941,5969
571,2693,125399,337699507,11.395,34,17433,0,191,191,0,140,11,392,62,77,1,2756,5511,2693,1345
572,15619,288913,4512532147,13.931,73,,1,0,0,0,0,11,1821,254,275,1,18794,37587,15619,7808
573,19609,374887,7351159183,14.2592,51,,1,0,0,1,0,11,2225,510,534,1,24042,48083,19609,9803
574,23603,324451,7658016953,14.5267,29,,1,0,0,1,0,11,2626,254,275,1,29390,58779,23603,11800
575,26029,393649,10246289821,14.6678,33,,1,0,0,1,0,11,2864,510,534,1,32664,65327,26029,13013
576,19267,330917,6375777839,14.2338,39,,1,0,0,1,0,11,2185,510,534,1,23591,47181,19267,9632
577,3529,120283,424478707,11.785,35,34260,0,82,82,0,59,11,493,126,144,1,3716,7431,3529,1763
578,12413,448843,5571488159,13.5996,42,122469,0,3,3,1,0,11,1482,130,160,1,14645,29289,12413,6205
579,19927,46771,932005717,14.2824,18,,1,0,0,0,1,11,2253,510,534,1,24463,48925,19927,9962
580,23977,123551,2962382327,14.5494,28,,1,0,0,0,0,11,2666,126,144,1,29894,59787,23977,11987
581,22171,259627,5756190217,14.4364,25,,1,0,0,1,0,11,2487,510,534,1,27467,54933,22171,11084
582,23293,301027,7011821911,14.5076,57,,1,0,0,1,0,11,2597,126,144,1,28971,57941,23293,11645
583,13553,43487,589379311,13.7263,21,181593,0,2,2,0,22,11,1604,126,144,1,16110,32219,13553,6775
584,18211,187699,3418186489,14.1525,22,118260,0,2,2,0,0,11,2086,254,275,1,22197,44393,18211,9104
585,15377,114077,1754162029,13.9085,20,159165,0,4,4,0,0,11,1797,126,144,1,18478,36955,15377,7687
586,5737,269431,1545725647,12.4861,57,56691,0,22,22,0,0,11,754,510,534,1,6322,12643,5737,2867
587,6361,70969,451433809,12.635,30,54665,0,32,32,0,43,11,829,254,275,1,7074,14147,6361,3179
588,13921,298841,4160165561,13.765,30,,1,0,0,0,0,11,1646,254,275,1,16586,33171,13921,6959
589,10151,49069,498099419,13.3093,38,176228,0,2,2,0,24,11,1246,270,339,1,11770,23539,10151,5074
590,2633,348209,916834297,11.3625,93,18215,0,133,133,0,1,11,382,62,77,1,2690,5379,2633,1315
591,27793,389027,10812227411,14.7624,199,,1,0,0,1,0,11,3034,254,275,1,35059,70117,27793,13895
592,28643,384481,11012689283,14.8059,29,,1,0,0,1,0,11,3119,254,275,1,36226,72451,28643,14320
593,14153,523261,7405712933,13.7888,62,,1,0,0,1,0,11,1666,254,275,1,16892,33783,14153,7075
594,13339,84649,1129133011,13.7034,22,,1,0,0,0,1,11,1585,62,77,1,15837,31673,13339,6668
595,25303,110233,2789225599,14.627,39,,1,0,0,0,0,11,2790,126,144,1,31672,63343,25303,12650
596,16963,155119,2631283597,14.0501,40,,1,0,0,0,0,11,1956,510,534,1,20546,41091,16963,8480
597,16607,132313,2197321991,14.0195,31,157457,0,1,1,0,0,11,1921,254,275,1,20084,40167,16607,8302
598,17837,248041,4424307317,14.1226,90,,1,0,0,0,0,11,2045,126,144,1,21700,43399,17837,8917
599,9377,23801,223181977,13.1949,34,117987,0,7,7,0,526,11,1160,510,534,1,10795,21589,9377,4687
600,25943,289019,7498019917,14.6631,37,,1,0,0,1,0,11,2855,254,275,1,32553,65105,25943,12970
601,9491,19801,187931291,13.2123,22,57105,0,15,17,0,755,11,1176,254,275,1,10942,21883,9491,4744
602,10259,115783,1187817797,13.3246,85,133409,0,3,3,0,1,11,1258,126,144,1,11909,23817,10259,5128
603,23549,238939,5626774511,14.5234,26,,1,0,0,1,0,11,2618,254,275,1,29322,58643,23549,11773
604,12979,379909,4930838911,13.6639,30,119583,0,2,2,0,0,11,1546,254,275,1,15370,30739,12979,6488
605,20443,244297,4994163571,14.3193,29,,1,0,0,0,0,11,2310,510,534,1,25150,50299,20443,10220
606,26669,159799,4261679531,14.7029,80,,1,0,0,0,0,11,2923,126,144,1,33536,67071,26669,13333
607,23857,193301,4611581957,14.5421,22,,1,0,0,0,0,11,2653,510,534,1,29729,59457,23857,11927
608,14419,271753,3918406507,13.8157,30,155259,0,2,2,0,0,11,1690,510,534,1,17228,34455,14419,7208
609,15377,495757,7623255389,13.9085,33,159165,0,4,4,1,0,11,1797,510,534,1,18478,36955,15377,7687
610,27509,91771,2524528439,14.7476,32,,1,0,0,0,0,11,3005,254,275,1,34680,69359,27509,13753
611,19843,26437,524589391,14.2763,69,157410,0,2,2,0,24,11,2245,518,566,1,24357,48709,19843,9920
612,12919,157277,2031861563,13.6572,22,,1,0,0,0,0,11,1539,544,670,1,15295,30589,12919,6458
613,30491,242201,7384950691,14.8961,31,,1,0,0,1,0,11,3291,510,534,1,38758,77515,30491,15244
614,11083,244463,2709383429,13.4361,54,125391,0,2,2,0,0,11,1343,126,144,1,12951,25901,11083,5540
615,14657,93113,1364757241,13.8393,26,,1,0,0,0,0,11,1717,254,275,1,17540,35079,14657,7327
616,21179,246787,5226701873,14.3703,81,,1,0,0,0,0,11,2381,284,395,1,26131,52261,21179,10588
617,28927,271753,7860999031,14.8201,28,,1,0,0,1,0,11,3149,510,534,1,36612,73223,28927,14462
618,22391,369247,8267809577,14.4506,33,,1,0,0,1,0,11,2506,958,1177,1,27759,55517,22391,11194
619,29611,256489,7594895779,14.8538,31,,1,0,0,1,0,11,3214,126,144,1,37551,75101,29611,14804
620,3643,262819,957449617,11.8309,75,13851,0,73,73,0,1,11,510,62,77,1,3847,7693,3643,1820
621,24179,101863,2462945477,14.5615,30,,1,0,0,0,0,11,2691,510,534,1,30167,60333,24179,12088
622,17159,328787,5641656133,14.0667,36,,1,0,0,1,0,11,1976,254,275,1,20816,41631,17159,8578
623,2459,341059,838664081,11.2639,80,14661,0,130,130,0,2,11,364,254,275,1,2502,5003,2459,1228
624,9059,177533,1608271447,13.1451,32,98505,0,8,8,0,0,11,1126,254,275,1,10399,20797,9059,4528
625,23143,29587,684731941,14.4983,23,,1,0,0,0,4,11,2583,510,534,1,28771,57533,23143,11570
626,31543,157579,4970514397,14.945,243,,1,0,0,0,0,11,3395,254,275,1,40200,80399,31543,15770
627,21977,49339,1084323203,14.4237,26,118179,0,2,2,0,1,11,2462,126,144,1,27206,54411,21977,10987
628,3251,232307,755230057,11.6667,58,19626,0,96,96,0,2,11,458,126,144,1,3394,6787,3251,1624
629,30983,364079,11280259657,14.9192,53,,1,0,0,1,0,11,3340,254,275,1,39431,78861,30983,15490
630,5351,160441,858519791,12.3856,53,38631,0,25,25,0,2,11,708,126,144,1,5856,11711,5351,2674
631,29129,279407,8138846503,14.8302,21,,1,0,0,1,0,11,3165,894,921,1,36888,73775,29129,14563
632,22937,135349,3104500013,14.4854,64,,1,0,0,0,0,11,2559,254,275,1,28489,56977,22937,11467
633,8377,169343,1418586311,13.0322,31,112238,0,8,8,0,0,11,1049,62,77,1,9546,19091,8377,4187
634,14401,355819,5124149419,13.8139,43,197075,0,1,1,0,0,11,1687,254,275,1,17207,34413,14401,7199
635,13163,240197,3161713111,13.6842,38,,1,0,0,0,0,11,1566,254,275,1,15602,31203,13163,6580
636,20029,305749,6123846721,14.2898,41,,1,0,0,1,0,11,2266,126,144,1,24596,49191,20029,10013
637,31393,508961,15977812673,14.9382,23,,1,0,0,1,0,11,3384,510,534,1,39983,79965,31393,15695
638,31327,70199,2199124073,14.9351,16,,1,0,0,0,0,11,3377,510,534,1,39902,79803,31327,15662
639,27011,486757,13147793327,14.7213,46,,1,0,0,1,0,11,2962,126,144,1,34001,68001,27011,13504
640,27487,87071,2393320577,14.7465,30,,1,0,0,0,0,11,3004,529,610,1,34643,69285,27487,13742
641,18077,440087,7955452699,14.1419,63,,1,0,0,1,0,11,2072,254,275,1,22017,44033,18077,9037
642,23603,31687,747908261,14.5267,20,,1,0,0,0,2,11,2626,254,275,1,29390,58779,23603,11800
643,28901,219293,6337786993,14.8188,21,,1,0,0,1,0,11,3146,510,534,1,36575,73149,28901,14449
644,12539,386471,4845959869,13.6141,33,162594,0,2,2,0,0,11,1497,254,275,1,14808,29615,12539,6268
645,7823,289031,2261089513,12.9335,51,112176,0,15,15,0,0,11,989,510,534,1,8867,17733,7823,3910
646,25799,245107,6323515493,14.655,205,,1,0,0,1,0,11,2840,126,144,1,32358,64715,25799,12898
647,23369,127271,2974195999,14.5123,32,,1,0,0,0,0,11,2605,584,830,1,29075,58149,23369,11683
648,26153,59981,1568683093,14.6747,19,,1,0,0,0,0,11,2874,254,275,1,32834,65667,26153,13075
649,25841,213209,5509533769,14.6574,53,,1,0,0,1,0,11,2843,254,275,1,32413,64825,25841,12919
650,27793,443263,12319608559,14.7624,53,,1,0,0,1,0,11,3034,254,275,1,35059,70117,27793,13895
651,27253,71861,1958427833,14.7341,28,,1,0,0,0,0,11,2983,254,275,1,34322,68643,27253,13625
652,4447,425533,1892345251,12.1186,64,39210,0,60,60,0,0,11,604,126,144,1,4786,9571,4447,2222
653,14887,368801,5490340487,13.8618,31,172691,0,1,1,1,0,11,1744,126,144,1,17839,35677,14887,7442
654,13669,308927,4222723163,13.7386,91,,1,0,0,0,0,11,1614,62,77,1,16260,32519,13669,6833
655,23719,239713,5685752647,14.5338,50,,1,0,0,1,0,11,2638,526,598,1,29546,59091,23719,11858
656,13759,325309,4475926531,13.7481,36,174852,0,2,2,0,0,11,1628,62,77,1,16380,32759,13759,6878
657,14407,261427,3766378789,13.8145,167,,1,0,0,0,0,11,1688,521,578,1,17214,34427,14407,7202
658,25541,312643,7985214863,14.6405,20,,1,0,0,1,0,11,2813,510,534,1,31997,63993,25541,12769
659,17923,454673,8149104179,14.1295,33,,1,0,0,1,0,11,2055,254,275,1,21810,43619,17923,8960
660,2281,349913,798151553,11.1555,95,15039,0,172,172,0,2,11,339,254,275,1,2302,4603,2281,1139
661,14557,212827,3098122639,13.8294,104,,1,0,0,0,0,11,1706,254,275,1,17412,34823,14557,7277
662,14081,53527,753713687,13.7815,39,150984,0,2,2,0,2,11,1660,62,77,1,16792,33583,14081,7039
663,17729,113539,2012932931,14.1138,18,,1,0,0,0,0,11,2035,62,77,1,21556,43111,17729,8863
664,24203,496579,12018701537,14.5629,158,,1,0,0,1,0,11,2694,254,275,1,30194,60387,24203,12100
665,31259,403721,12619914739,14.932,27,,1,0,0,1,0,11,3370,126,144,1,39809,79617,31259,15628
666,12251,15439,189143189,13.5806,32,157460,0,7,7,0,744,11,1464,254,275,1,14439,28874,12251,6124
667,8293,120647,1000525571,13.0177,26,58266,0,20,20,0,1,11,1041,126,144,1,9444,18887,8293,4145
668,12613,235559,2971105667,13.6226,44,,1,0,0,0,0,11,1507,254,275,1,14902,29803,12613,6305
669,17987,132709,2387036783,14.1347,48,,1,0,0,0,0,11,2063,254,275,1,21900,43799,17987,8992
670,26399,215723,5694871477,14.6882,20,,1,0,0,1,0,11,2900,254,275,1,33166,66331,26399,13198
671,30539,296237,9046781743,14.8984,35,,1,0,0,1,0,11,3297,254,275,1,38822,77643,30539,15268
672,3673,316649,1163051777,11.8427,56,32889,0,99,99,0,1,11,513,126,144,1,3880,7759,3673,1835
673,32083,50671,1625677693,14.9695,25,,1,0,0,0,0,11,3443,515,554,1,40935,81869,32083,16040
674,10477,70381,737381737,13.3549,21,174899,0,6,6,0,2,11,1282,254,275,1,12185,24369,10477,5237
675,26591,29803,792491573,14.6987,20,,1,0,0,0,2,11,2917,254,275,1,33432,66863,26591,13294
676,25127,449663,11298682201,14.617,26,,1,0,0,1,0,11,2774,254,275,1,31440,62879,25127,12562
677,6091,314359,1914760669,12.5725,38,43731,0,45,45,0,0,11,795,254,275,1,6743,13485,6091,3044
678,6121,306913,1878614473,12.5796,44,61289,0,26,26,0,0,11,798,254,275,1,6784,13567,6121,3059
679,32003,219053,7010353159,14.9659,25,,1,0,0,1,0,11,3433,254,275,1,40824,81647,32003,16000
680,20507,76543,1569667301,14.3238,35,,1,0,0,0,0,11,2314,510,534,1,25240,50479,20507,10252
681,28351,175361,4971659711,14.7911,32,,1,0,0,0,0,11,3087,254,275,1,35821,71641,28351,14174
682,23011,228341,5254354751,14.49,140,,1,0,0,0,0,11,2566,1016,1409,1,28596,57191,23011,11504
683,13649,333071,4546086079,13.7365,66,172689,0,3,3,0,0,11,1613,894,921,1,16233,32465,13649,6823
684,3701,9421,34867121,11.8537,61,19679,0,103,106,0,26114,11,517,62,77,1,3910,7819,3701,1849
685,17383,247529,4302796607,14.0854,22,179090,0,1,1,0,0,11,1998,254,275,1,21105,42209,17383,8690
686,4457,392143,1747781351,12.1219,93,37854,0,59,59,0,0,11,606,254,275,1,4796,9591,4457,2227
687,23909,30763,735512567,14.5453,34,,1,0,0,0,2,11,2660,126,144,1,29808,59604,23909,11953
688,6397,80473,514785781,12.6432,18,40092,0,30,30,0,24,11,834,126,144,1,7115,14229,6397,3197
689,5591,177601,992967191,12.4489,41,60585,0,30,30,0,1,11,738,126,144,1,6142,12283,5591,2794
690,22189,386521,8576514469,14.4376,30,161838,0,2,2,1,0,11,2488,510,534,1,27492,54983,22189,11093
691,30403,156127,4746729181,14.8919,20,,1,0,0,0,0,11,3285,254,275,1,38636,77271,30403,15200
692,8753,507593,4442961529,13.0956,92,118305,0,8,8,0,0,11,1092,62,77,1,10017,20033,8753,4375
693,16433,233293,3833703869,14.0043,30,,1,0,0,0,0,11,1905,510,534,1,19852,39703,16433,8215
694,20347,364961,7425861467,14.3125,36,,1,0,0,1,0,11,2298,254,275,1,25022,50043,20347,10172
695,20071,366881,7363668551,14.2928,24,,1,0,0,1,0,11,2270,254,275,1,24652,49303,20071,10034
696,11273,298679,3367008367,13.4606,44,111615,0,5,5,0,0,11,1363,510,534,1,13189,26377,11273,5635
697,9437,123701,1167366337,13.2041,51,98495,0,6,6,0,1,11,1169,510,534,1,10875,21749,9437,4717
698,10627,33751,358671877,13.3754,20,,1,0,0,0,71,11,1296,546,678,1,12376,24751,10627,5312
699,14207,476041,6763114487,13.7943,45,170561,0,1,1,1,0,11,1671,254,275,1,16955,33909,14207,7102
700,5821,330383,1923159443,12.5071,49,41067,0,34,34,0,0,11,764,126,144,1,6422,12843,5821,2909
701,14869,463511,6891945059,13.86,34,170531,0,2,2,1,0,11,1742,254,275,1,17815,35629,14869,7433
702,32653,166657,5441851021,14.9949,29,,1,0,0,1,0,11,3505,983,1277,1,41727,83453,32653,16325
703,27751,285613,7926046363,14.7603,49,,1,0,0,1,0,11,3028,254,275,1,35003,70005,27751,13874
704,2917,477913,1394072221,11.5103,101,34509,0,109,109,0,0,11,422,14,23,1,3011,6021,2917,1457
705,28069,518699,14559362231,14.7767,31,,1,0,0,1,0,11,3062,62,77,1,35438,70875,28069,14033
706,9817,14549,142827533,13.2611,17,123198,0,10,10,0,1801,11,1211,254,275,1,11348,22694,9817,4907
707,24473,145897,3570537281,14.5789,84,,1,0,0,0,0,11,2716,254,275,1,30557,61113,24473,12235
708,17467,43543,760565581,14.0923,27,177207,0,2,2,0,2,11,2008,514,550,1,21219,42437,17467,8732
709,26177,491653,12870000581,14.676,58,,1,0,0,1,0,11,2877,510,534,1,32867,65733,26177,13087
710,4157,213557,887756449,12.0213,49,39638,0,61,61,0,1,11,572,62,77,1,4444,8887,4157,2077
711,22741,319129,7257312589,14.473,31,,1,0,0,1,0,11,2542,510,534,1,28231,56461,22741,11369
712,20759,358447,7441001273,14.3414,34,,1,0,0,1,0,11,2339,510,534,1,25571,51141,20759,10378
713,19993,27947,558744371,14.2872,29,,1,0,0,0,24,11,2261,254,275,1,24549,49097,19993,9995
714,27893,61631,1719073483,14.7676,16,,1,0,0,0,0,11,3044,510,534,1,35198,70395,27893,13945
715,28447,498053,14168113691,14.796,34,,1,0,0,1,0,11,3096,510,534,1,35954,71907,28447,14222
716,26041,182339,4748289899,14.6685,508,,1,0,0,0,0,11,2865,512,542,1,32679,65357,26041,13019
717,4457,402403,1793510171,12.1219,154,37854,0,59,59,0,0,11,606,254,275,1,4796,9591,4457,2227
718,10069,224291,2258386079,13.2976,26,56619,0,12,12,0,0,11,1236,254,275,1,11670,23339,10069,5033
719,16193,244043,3951788299,13.9831,37,,1,0,0,0,0,11,1883,510,534,1,19542,39083,16193,8095
720,30187,31193,941623091,14.8816,104,,1,0,0,0,1,11,3265,911,989,1,38336,76671,30187,15092
721,26113,273289,7136395657,14.6725,26,,1,0,0,1,0,11,2871,510,534,1,32779,65557,26113,13055
722,15973,520379,8312013767,13.9633,35,,1,0,0,1,0,11,1861,510,534,1,19253,38505,15973,7985
723,22343,31277,698822011,14.4475,284,,1,0,0,0,3,11,2501,254,275,1,27693,55384,22343,11170
724,22381,467879,10471599899,14.45,32,,1,0,0,1,0,11,2505,510,534,1,27746,55491,22381,11189
725,32159,335131,10777477829,14.9729,131,,1,0,0,1,0,11,3450,894,921,1,41042,82083,32159,16078
726,14831,423991,6288210521,13.8563,46,124656,0,3,3,1,0,11,1738,510,534,1,17761,35521,14831,7414
727,9239,278611,2574087029,13.1735,36,102788,0,10,10,0,0,11,1145,254,275,1,10628,21255,9239,4618
728,16111,498119,8025195209,13.9758,38,,1,0,0,1,0,11,1876,510,534,1,19434,38867,16111,8054
729,8461,53359,451470499,13.0466,22,136321,0,13,13,0,43,11,1058,126,144,1,9653,19305,8461,4229
730,18461,358541,6619025401,14.1722,26,,1,0,0,1,0,11,2116,254,275,1,22525,45049,18461,9229
731,19661,58109,1142481049,14.263,80,,1,0,0,0,1,11,2226,254,275,1,24113,48225,19661,9829
732,5303,339223,1798899569,12.3726,54,100631,0,21,21,0,0,11,703,510,534,1,5800,11599,5303,2650
733,16427,492299,8086995673,14.0038,41,159624,0,2,2,1,0,11,1904,126,144,1,19847,39693,16427,8212
734,9601,77029,739555429,13.229,40,120122,0,7,7,0,2,11,1185,254,275,1,11081,22161,9601,4799
735,5807,208687,1211845409,12.5036,47,52596,0,37,37,0,1,11,762,126,144,1,6406,12811,5807,2902
736,3313,378269,1253205197,11.6939,70,37023,0,97,97,0,1,11,466,254,275,1,3462,6923,3313,1655
737,6607,116351,768731057,12.6898,21,78245,0,19,19,0,2,11,854,126,144,1,7376,14751,6607,3302
738,26041,186707,4862036987,14.6685,21,,1,0,0,0,0,11,2865,126,144,1,32679,65357,26041,13019
739,6947,148727,1033206469,12.7622,26,59688,0,27,27,0,1,11,891,126,144,1,7785,15569,6947,3472
740,7883,260231,2051400973,12.9445,107,58974,0,25,25,0,0,11,997,254,275,1,8937,17873,7883,3940
741,19121,179737,3436751177,14.2229,1918,,1,0,0,0,0,11,2170,254,275,1,23398,46795,19121,9559
742,28411,147299,4184911889,14.7942,34,,1,0,0,0,0,11,3092,510,534,1,35906,71811,28411,14204
743,8431,151009,1273156879,13.0415,31,117448,0,6,6,0,1,11,1055,510,534,1,9614,19227,8431,4214
744,10799,284051,3067466749,13.3986,28,118566,0,5,5,0,0,11,1315,510,534,1,12591,25181,10799,5398
745,21377,304609,6511626593,14.3838,64,,1,0,0,1,0,11,2398,894,921,1,26402,52803,21377,10687
746,13553,152027,2060421931,13.7263,30,181593,0,2,2,0,0,11,1604,254,275,1,16110,32219,13553,6775
747,16249,343559,5582490191,13.9881,45,,1,0,0,1,0,11,1888,126,144,1,19617,39233,16249,8123
748,7207,112241,808920887,12.8152,24,59696,0,25,25,0,2,11,920,254,275,1,8104,16207,7207,3602
749,3221,294953,950043613,11.6533,95,32642,0,76,76,0,1,11,456,254,275,1,3358,6715,3221,1609
750,25229,506999,12791077771,14.6228,41,,1,0,0,1,0,11,2783,62,77,1,31579,63157,25229,12613
751,10651,506843,5398384793,13.3787,37,130482,0,3,3,0,0,11,1299,254,275,1,12401,24801,10651,5324
752,30169,130513,3937446697,14.8808,42,,1,0,0,0,0,11,3263,62,77,1,38312,76623,30169,15083
753,28607,520889,14901071623,14.8041,28,,1,0,0,1,0,11,3114,510,534,1,36173,72345,28607,14302
754,13259,463579,6146593961,13.6947,51,118011,0,4,4,1,0,11,1576,254,275,1,15732,31463,13259,6628
755,15161,167269,2535965309,13.8881,49,178523,0,1,1,0,0,11,1771,510,534,1,18194,36387,15161,7579
756,28817,356113,10262108321,14.8146,24,,1,0,0,1,0,11,3139,254,275,1,36462,72923,28817,14407
757,24889,396509,9868712501,14.6032,30,,1,0,0,1,0,11,2751,254,275,1,31121,62241,24889,12443
758,27011,400199,10809775189,14.7213,35,,1,0,0,1,0,11,2962,510,534,1,34001,68001,27011,13504
759,5563,152287,847172581,12.4416,363,57267,0,34,34,0,2,11,734,62,77,1,6110,12219,5563,2780
760,22871,427249,9771611879,14.4812,27,,1,0,0,1,0,11,2554,510,534,1,28400,56799,22871,11434
761,24527,470941,11550769907,14.5821,42,,1,0,0,1,0,11,2721,894,921,1,30632,61263,24527,12262
762,12109,484639,5868493651,13.5638,71,157391,0,5,5,1,0,11,1450,126,144,1,14258,28515,12109,6053
763,26261,93241,2448601901,14.6806,17,,1,0,0,0,0,11,2886,559,730,1,32978,65955,26261,13129
764,26053,64879,1690292587,14.6692,26,,1,0,0,0,0,11,2866,510,534,1,32692,65383,26053,13025
765,23209,73483,1705466947,14.5024,39,,1,0,0,0,0,11,2591,510,534,1,28865,57729,23209,11603
766,4793,429971,2060851003,12.2267,57,37149,0,50,50,0,0,11,645,126,144,1,5192,10383,4793,2395
767,26981,305093,8231714233,14.7197,1047,,1,0,0,1,0,11,2959,126,144,1,33962,67923,26981,13489
768,28319,509027,14415135613,14.7895,38,,1,0,0,1,0,11,3085,254,275,1,35777,71553,28319,14158
769,18797,474847,8925699059,14.1982,32,,1,0,0,1,0,11,2145,510,534,1,22969,45937,18797,9397
770,17291,389621,6736936711,14.0777,37,,1,0,0,1,0,11,1987,510,534,1,20988,41975,17291,8644
771,2053,89477,183696281,11.0035,43,18999,0,223,223,0,783,11,310,126,144,1,2046,4091,2053,1025
772,31643,396107,12534013801,14.9496,23,,1,0,0,1,0,11,3403,126,144,1,40338,80675,31643,15820
773,15973,475721,7598691533,13.9633,32,,1,0,0,1,0,11,1861,126,144,1,19253,38505,15973,7985
774,28657,184993,5301344401,14.8066,27,,1,0,0,0,0,11,3121,552,702,1,36242,72483,28657,14327
775,21587,362867,7833209929,14.3979,271,,1,0,0,1,0,11,2423,510,534,1,26683,53365,21587,10792
776,6553,455969,2987964857,12.6779,51,40098,0,32,32,0,0,11,847,126,144,1,7310,14619,6553,3275
777,14747,363901,5366448047,13.8481,28,,1,0,0,0,0,11,1727,254,275,1,17656,35311,14747,7372
778,19979,450563,9001798177,14.2862,52,173016,0,2,2,1,0,11,2259,510,534,1,24531,49061,19979,9988
779,6173,159119,982241587,12.5918,28,111437,0,27,27,0,1,11,804,254,275,1,6844,13687,6173,3085
780,17047,353819,6031552493,14.0572,28,177635,0,1,1,1,0,11,1967,126,144,1,20665,41329,17047,8522
781,14891,312941,4660004431,13.8622,86,,1,0,0,0,0,11,1745,510,534,1,17844,35687,14891,7444
782,14347,446881,6411401707,13.8085,55,164295,0,2,2,1,0,11,1683,254,275,1,17139,34277,14347,7172
783,29287,83777,2453576999,14.838,21,,1,0,0,0,0,11,3182,510,534,1,37099,74197,29287,14642
784,29347,494671,14517109837,14.8409,48,,1,0,0,1,0,11,3189,254,275,1,37186,74371,29347,14672
785,9941,491951,4890484891,13.2792,43,52479,0,8,8,0,0,11,1226,510,534,1,11506,23011,9941,4969
786,26627,102871,2739146117,14.7006,19,,1,0,0,0,0,11,2919,510,534,1,33482,66963,26627,13312
787,17053,130183,2220010699,14.0577,20,,1,0,0,0,0,11,1968,510,534,1,20670,41339,17053,8525
788,16063,459337,7378330231,13.9715,43,,1,0,0,1,0,11,1868,126,144,1,19368,38735,16063,8030
789,27481,96667,2656505827,14.7461,21,177153,0,2,2,0,0,11,3003,254,275,1,34636,69271,27481,13739
790,18593,244703,4549762879,14.1825,31,,1,0,0,0,0,11,2128,529,610,1,22699,45397,18593,9295
791,22079,450311,9942416569,14.4304,27,,1,0,0,1,0,11,2475,254,275,1,27343,54685,22079,11038
792,12113,36293,439617109,13.5643,271,169155,0,3,3,0,58,11,1451,254,275,1,14263,28525,12113,6055
793,24943,238967,5960553881,14.6063,27,,1,0,0,1,0,11,2756,254,275,1,31192,62383,24943,12470
794,13487,260419,3512271053,13.7193,25,,1,0,0,0,0,11,1599,126,144,1,16023,32045,13487,6742
795,21563,236783,5105751829,14.3963,68,,1,0,0,0,0,11,2420,254,275,1,26648,53295,21563,10780
796,31237,219629,6860551073,14.931,51,,1,0,0,1,0,11,3366,510,534,1,39777,79553,31237,15617
797,28927,476519,13784265113,14.8201,25,,1,0,0,1,0,11,3149,510,534,1,36612,73223,28927,14462
798,14731,318569,4692839939,13.8466,31,157709,0,1,1,0,0,11,1724,510,534,1,17639,35277,14731,7364
799,25243,240503,6071017229,14.6236,20,,1,0,0,1,0,11,2785,254,275,1,31597,63193,25243,12620
800,4733,391301,1852027633,12.2085,60,56598,0,56,56,0,0,11,639,254,275,1,5122,10243,4733,2365
801,27061,205607,5563931027,14.7239,24,,1,0,0,1,0,11,2967,260,299,1,34068,68135,27061,13529
802,15083,326993,4932035419,13.8806,28,170603,0,1,1,0,0,11,1762,254,275,1,18095,36189,15083,7540
803,14197,458327,6506868419,13.7933,34,157551,0,4,4,1,0,11,1670,62,77,1,16944,33887,14197,7097
804,26839,103079,2766537281,14.712,20,,1,0,0,0,0,11,2944,254,275,1,33767,67533,26839,13418
805,23767,192917,4585058339,14.5367,23,,1,0,0,0,0,11,2644,254,275,1,29608,59215,23767,11882
806,8623,19447,167691481,13.074,16,102816,0,8,8,0,1059,11,1073,266,323,1,9854,19707,8623,4310
807,27779,378407,10511768053,14.7617,23,,1,0,0,1,0,11,3032,254,275,1,35045,70089,27779,13888
808,14753,20219,298290907,13.8487,20,170423,0,2,2,0,227,11,1728,62,77,1,17665,35325,14753,7375
809,18191,326863,5945964833,14.1509,54,,1,0,0,1,0,11,2084,263,311,1,22171,44341,18191,9094
810,9949,47161,469204789,13.2803,22,107163,0,5,5,0,26,11,1227,256,283,1,11519,23037,9949,4973
811,8117,150617,1222558189,12.9867,78,112350,0,13,13,0,1,11,1021,254,275,1,9228,18455,8117,4057
812,32203,316691,10198400273,14.9749,29,,1,0,0,1,0,11,3455,254,275,1,41099,82197,32203,16100
813,32647,240041,7836618527,14.9947,24,,1,0,0,1,0,11,3504,254,275,1,41722,83443,32647,16322
814,4519,302317,1366170523,12.1418,52,37926,0,54,54,0,0,11,614,62,77,1,4871,9741,4519,2258
815,12437,228211,2838260207,13.6024,25,163970,0,1,1,0,0,11,1485,525,594,1,14674,29347,12437,6217
816,19597,448873,8796564181,14.2583,37,,1,0,0,1,0,11,2223,510,534,1,24028,48055,19597,9797
817,9161,307129,2813608769,13.1613,35,96147,0,6,6,0,0,11,1136,254,275,1,10525,21049,9161,4579
818,9181,399079,3663944299,13.1644,40,170720,0,1,1,0,0,11,1138,254,275,1,10557,21113,9181,4589
819,30757,506333,15573284081,14.9086,179,,1,0,0,1,0,11,3316,510,534,1,39125,78249,30757,15377
820,26539,249187,6613173793,14.6958,29,,1,0,0,1,0,11,2913,510,534,1,33359,66717,26539,13268
821,24781,218423,5412740363,14.5969,21,,1,0,0,1,0,11,2741,510,534,1,30979,61957,24781,12389
822,27509,339071,9327504139,14.7476,35,,1,0,0,1,0,11,3005,510,534,1,34680,69359,27509,13753
823,19819,43051,853227769,14.2746,19,,1,0,0,0,2,11,2243,254,275,1,24327,48653,19819,9908
824,7549,220681,1665920869,12.8821,28,122223,0,17,17,0,0,11,958,510,534,1,8528,17055,7549,3773
825,21433,501889,10756986937,14.3875,196,,1,0,0,1,0,11,2406,510,534,1,26470,52939,21433,10715
826,14401,353687,5093446487,13.8139,30,197075,0,1,1,0,0,11,1687,254,275,1,17207,34413,14401,7199
827,15619,496901,7761096719,13.931,49,,1,0,0,1,0,11,1821,526,598,1,18794,37587,15619,7808
828,15091,109201,1647952291,13.8814,25,177605,0,1,1,0,0,11,1763,510,534,1,18106,36211,15091,7544
829,20521,328513,6741415273,14.3248,78,,1,0,0,1,0,11,2316,254,275,1,25258,50515,20521,10259
830,29023,64577,1874218271,14.8249,21,,1,0,0,0,0,11,3157,510,534,1,36740,73479,29023,14510
831,21523,140453,3022969919,14.3936,22,,1,0,0,0,0,11,2416,578,806,1,26592,53183,21523,10760
832,3733,502717,1876642561,11.8661,105,37258,0,94,94,0,0,11,521,62,77,1,3951,7901,3733,1865
833,12637,30977,391456349,13.6254,14,,1,0,0,0,62,11,1509,126,144,1,14934,29867,12637,6317
834,19609,22501,441222109,14.2592,19,,1,0,0,0,57,11,2225,126,144,1,24049,48083,19609,9803
835,22157,316759,7018429163,14.4355,25,,1,0,0,1,0,11,2485,1022,1052,1,27447,54893,22157,11077
836,19417,143467,2785698739,14.245,28,,1,0,0,0,0,11,2198,510,534,1,23791,47581,19417,9707
837,6779,61363,415979777,12.7269,34,53244,0,12,12,0,62,11,872,254,275,1,7584,15167,6779,3388
838,22271,118493,2638957603,14.4429,27,,1,0,0,0,0,11,2493,510,534,1,27600,55199,22271,11134
839,4073,263239,1072172447,11.9919,54,18981,0,81,81,0,1,11,561,62,77,1,4349,8697,4073,2035
840,4447,234733,1043857651,12.1186,42,39210,0,60,60,0,1,11,604,126,144,1,4786,9571,4447,2222
841,28069,145349,4079801081,14.7767,21,,1,0,0,0,0,11,3062,126,144,1,35438,70875,28069,14033
842,26861,93851,2520931711,14.7132,32,,1,0,0,0,0,11,2946,254,275,1,33801,67601,26861,13429
843,13831,78509,1085857979,13.7556,27,56862,0,12,12,0,1,11,1635,254,275,1,16471,32941,13831,6914
844,20047,113909,2283533723,14.2911,22,,1,0,0,0,0,11,2267,546,678,1,24621,49241,20047,10022
845,10957,309503,3391224371,13.4196,89,136809,0,5,5,0,0,11,1331,126,144,1,12789,25577,10957,5477
846,24571,70841,1740634211,14.5847,46,,1,0,0,0,0,11,2725,254,275,1,30690,61379,24571,12284
847,11239,227827,2560547653,13.4562,31,120255,0,3,3,0,0,11,1358,254,275,1,13150,26299,11239,5618
848,12553,389903,4894452359,13.6157,51,,1,0,0,0,0,11,1500,254,275,1,14827,29653,12553,6275
849,5009,93103,466352927,12.2903,21,61449,0,36,36,0,27,11,671,126,144,1,5451,10901,5009,2503
850,25873,111121,2875033633,14.6592,23,,1,0,0,0,0,11,2847,254,275,1,32451,64901,25873,12935
851,22343,178447,3987041321,14.4475,50,,1,0,0,0,0,11,2501,510,534,1,27692,55383,22343,11170
852,3593,141307,507716051,11.811,39,32721,0,90,90,0,24,11,503,126,144,1,3790,7579,3593,1795
853,18481,363533,6718453373,14.1738,75,,1,0,0,1,0,11,2117,510,534,1,22552,45103,18481,9239
854,12161,296017,3599862737,13.57,37,124173,0,5,5,0,0,11,1456,126,144,1,14326,28651,12161,6079
855,16339,220357,3600413023,13.996,32,,1,0,0,0,0,11,1895,254,275,1,19730,39459,16339,8168
856,7433,495947,3686374051,12.8597,59,56888,0,20,20,0,0,11,942,254,275,1,8384,16767,7433,3715
857,7459,344969,2573123771,12.8648,53,104328,0,13,13,0,0,11,945,62,77,1,8417,16833,7459,3728
858,25037,180463,4518252131,14.6118,42,,1,0,0,0,0,11,2766,898,937,1,31324,62647,25037,12517
859,6977,266947,1862489219,12.7684,34,103491,0,24,24,0,0,11,897,254,275,1,7821,15641,6977,3487
860,10427,362339,3778108753,13.348,455,139958,0,2,2,0,0,11,1275,510,534,1,12122,24243,10427,5212
861,6761,141803,958730083,12.723,76,56778,0,33,33,0,1,11,870,254,275,1,7560,15119,6761,3379
862,14771,72227,1066865017,13.8505,24,190511,0,1,1,0,1,11,1731,514,550,1,17686,35371,14771,7384
863,10657,92479,985548703,13.3795,23,111558,0,6,6,0,1,11,1300,510,534,1,12408,24815,10657,5327
864,25801,338893,8743778293,14.6551,25,,1,0,0,1,0,11,2841,510,534,1,32359,64717,25801,12899
865,31019,473327,14682130213,14.9209,587,,1,0,0,1,0,11,3342,510,534,1,39479,78957,31019,15508
866,9817,519283,5097801211,13.2611,49,123198,0,9,9,0,0,11,1211,126,144,1,11347,22693,9817,4907
867,30703,413681,12701247743,14.9061,45,,1,0,0,1,0,11,3312,894,921,1,39043,78085,30703,15350
868,7867,446123,3509649641,12.9416,44,109296,0,6,6,0,0,11,993,254,275,1,8919,17837,7867,3932
869,19949,517471,10323028979,14.284,32,,1,0,0,1,0,11,2255,510,534,1,24497,48993,19949,9973
870,23357,378571,8842282847,14.5116,25,,1,0,0,1,0,11,2604,254,275,1,29060,58119,23357,11677
871,7559,348433,2633805047,12.884,42,45198,0,19,19,0,0,11,959,126,144,1,8541,17081,7559,3778
872,10853,149551,1623077003,13.4058,25,120045,0,9,9,0,0,11,1319,277,367,1,12657,25313,10853,5425
873,8117,344629,2797353593,12.9867,36,112350,0,13,13,0,0,11,1021,254,275,1,9228,18455,8117,4057
874,17569,370399,6507540031,14.1007,32,,1,0,0,1,0,11,2019,254,275,1,21350,42699,17569,8783
875,24007,81281,1951312967,14.5512,27,,1,0,0,0,0,11,2670,254,275,1,29934,59867,24007,12002
876,18047,288383,5204448001,14.1395,46,,1,0,0,0,0,11,2068,254,275,1,21977,43953,18047,9022
877,17519,123493,2163473867,14.0966,36,,1,0,0,0,0,11,2016,542,662,1,21285,42569,17519,8758
878,20023,319691,6401172893,14.2894,32,,1,0,0,1,0,11,2265,254,275,1,24589,49177,20023,10010
879,12739,141761,1805893379,13.637,25,175229,0,1,1,0,0,11,1520,254,275,1,15061,30121,12739,6368
880,2927,421033,1232363591,11.5152,84,32748,0,130,130,0,1,11,423,254,275,1,3024,6047,2927,1462
881,17183,367121,6308240143,14.0687,31,174708,0,2,2,1,0,11,1978,254,275,1,20845,41689,17183,8590
882,6967,9103,63420601,12.7663,15,39285,0,29,37,0,9787,11,895,62,77,1,7811,15618,6967,3482
883,9791,80831,791416321,13.2572,23,155186,0,7,7,0,2,11,1208,30,42,1,11316,22631,9791,4894
884,23071,294001,6782897071,14.4938,37,,1,0,0,1,0,11,2577,510,534,1,28675,57349,23071,11534
885,8179,161263,1318970077,12.9977,30,98335,0,8,8,0,1,11,1027,126,144,1,9304,18607,8179,4088
886,31333,438313,13733661229,14.9354,60,,1,0,0,1,0,11,3378,520,574,1,39909,79817,31333,15665
887,20353,232207,4726109071,14.313,30,,1,0,0,0,0,11,2299,254,275,1,25033,50065,20353,10175
888,15427,91309,1408623943,13.9132,22,137727,0,4,4,0,0,11,1802,254,275,1,18543,37085,15427,7712
889,18047,90547,1634101709,14.1395,67,,1,0,0,0,0,11,2068,514,550,1,21977,43953,18047,9022
890,32341,245671,7945245811,14.9811,31,,1,0,0,1,0,11,3469,254,275,1,41293,82585,32341,16169
891,16763,328721,5510350123,14.033,24,,1,0,0,1,0,11,1938,126,144,1,20283,40565,16763,8380
892,20183,42859,865023197,14.3009,21,,1,0,0,0,2,11,2284,62,77,1,24804,49607,20183,10090
893,13901,324763,4514530463,13.7629,30,156987,0,2,2,0,0,11,1642,254,275,1,16566,33131,13901,6949
894,17477,148123,2588745671,14.0932,25,,1,0,0,0,0,11,2010,254,275,1,21229,42457,17477,8737
895,6551,342299,2242400749,12.6775,59,39336,0,29,29,0,0,11,846,254,275,1,7309,14617,6551,3274
896,13463,85817,1155354271,13.7167,24,159003,0,2,2,0,1,11,1596,254,275,1,15992,31983,13463,6730
897,3919,262313,1028004647,11.9363,58,32723,0,78,78,0,1,11,543,30,42,1,4167,8333,3919,1958
898,9133,267433,2442465589,13.1569,139,72170,0,14,14,0,0,11,1132,62,77,1,10487,20973,9133,4565
899,5737,475879,2730117823,12.4861,71,56691,0,22,22,0,0,11,754,510,534,1,6322,12643,5737,2867
900,23549,329209,7752542741,14.5234,39,,1,0,0,1,0,11,2618,254,275,1,29322,58643,23549,11773
901,26203,135389,3547597967,14.6774,68,,1,0,0,0,0,11,2880,254,275,1,32904,65807,26203,13100
902,27697,298897,8278550209,14.7574,127,,1,0,0,1,0,11,3021,510,534,1,34938,69875,27697,13847
903,29669,188459,5591390071,14.8567,23,,1,0,0,1,0,11,3219,533,626,1,37632,75263,29669,14833
904,18169,276883,5030687227,14.1492,28,,1,0,0,0,0,11,2082,510,534,1,22141,44281,18169,9083
905,4783,322783,1543871089,12.2237,51,38151,0,48,48,0,0,11,642,510,534,1,5179,10357,4783,2390
906,18013,500179,9009724327,14.1368,38,,1,0,0,1,0,11,2065,254,275,1,21936,43871,18013,9005
907,29167,88609,2584458703,14.832,38,,1,0,0,0,0,11,3170,529,610,1,36939,73877,29167,14582
908,20183,119953,2421011399,14.3009,22,,1,0,0,0,0,11,2284,254,275,1,24804,49607,20183,10090
909,4297,321911,1383251567,12.0691,57,37906,0,55,55,0,0,11,590,254,275,1,4604,9207,4297,2147
910,20113,23909,480881717,14.2958,19,,1,0,0,0,25,11,2274,512,542,1,24712,49423,20113,10055
911,29251,31079,909091829,14.8362,321,,1,0,0,0,1,11,3180,254,275,1,37051,74101,29251,14624
912,10589,306133,3241642337,13.3703,42,130500,0,6,6,0,0,11,1291,254,275,1,12326,24651,10589,5293
913,5927,472631,2801283937,12.5331,59,53219,0,41,41,0,0,11,779,254,275,1,6549,13097,5927,2962
914,8447,24317,205405699,13.0442,74,100593,0,8,8,0,665,11,1057,126,144,1,9636,19271,8447,4222
915,8819,17539,154676441,13.1064,59,122718,0,10,10,0,1389,11,1098,30,42,1,10101,20201,8819,4408
916,30431,316493,9631198483,14.8933,69,,1,0,0,1,0,11,3287,894,921,1,38674,77347,30431,15214
917,5741,476183,2733766603,12.4871,69,19602,0,44,44,0,0,11,755,254,275,1,6325,12649,5741,2869
918,31387,481343,15107912741,14.9379,41,,1,0,0,1,0,11,3382,254,275,1,39979,79957,31387,15692
919,22853,32327,738768931,14.4801,16,,1,0,0,0,2,11,2551,126,144,1,28378,56754,22853,11425
920,8543,315127,2692129961,13.0605,46,116379,0,6,6,0,0,11,1066,510,534,1,9755,19509,8543,4270
921,6143,42451,260776493,12.5847,28,41550,0,36,36,0,277,11,801,254,275,1,6809,13617,6143,3070
922,12227,218069,2666329663,13.5778,27,170534,0,1,1,0,0,11,1461,126,144,1,14408,28815,12227,6112
923,25087,198179,4971716573,14.6147,38,,1,0,0,0,0,11,2769,254,275,1,31391,62781,25087,12542
924,13829,103421,1430209009,13.7554,20,164277,0,2,2,0,0,11,1634,126,144,1,16470,32939,13829,6913
925,11483,492853,5659430999,13.4872,45,59211,0,7,7,1,0,11,1384,510,534,1,13457,26913,11483,5740
926,15583,209071,3257953393,13.9277,72,172071,0,2,2,0,0,11,1818,254,275,1,18747,37493,15583,7790
927,5303,291143,1543931329,12.3726,48,100631,0,21,21,0,0,11,703,510,534,1,5800,11599,5303,2650
928,27847,43517,1211817899,14.7652,38,,1,0,0,0,1,11,3041,254,275,1,35140,70276,27847,13922
929,24923,54413,1356135199,14.6052,26,,1,0,0,0,0,11,2755,126,144,1,31169,62337,24923,12460
930,17123,348643,5969814089,14.0636,40,,1,0,0,1,0,11,1974,126,144,1,20764,41527,17123,8560
931,11959,233551,2793036409,13.5458,35,158924,0,5,5,0,0,11,1434,126,144,1,14068,28135,11959,5978
932,31397,304489,9560041133,14.9383,19,,1,0,0,1,0,11,3385,510,534,1,40000,79999,31397,15697
933,10667,299011,3189550337,13.3809,42,119538,0,7,7,0,0,11,1302,254,275,1,12424,24847,10667,5332
934,31583,159349,5032719467,14.9469,61,,1,0,0,0,0,11,3399,510,534,1,40256,80511,31583,15790
935,14621,429367,6277774907,13.8358,67,,1,0,0,1,0,11,1711,126,144,1,17495,34989,14621,7309
936,15287,489299,7479913813,13.9,97,164753,0,1,1,1,0,11,1785,254,275,1,18364,36727,15287,7642
937,32603,435287,14191662061,14.9927,25,,1,0,0,1,0,11,3499,510,534,1,41659,83317,32603,16300
938,27527,263573,7255373971,14.7486,23,,1,0,0,1,0,11,3006,514,550,1,34703,69405,27527,13762
939,4397,258607,1137094979,12.1023,45,37261,0,75,75,0,1,11,599,254,275,1,4727,9453,4397,2197
940,28837,129737,3741225869,14.8156,130,,1,0,0,0,0,11,3140,510,534,1,36491,72981,28837,14417
941,2411,248357,598788727,11.2354,157,13689,0,173,173,0,22,11,358,126,144,1,2446,4891,2411,1204
942,26959,422203,11382170677,14.7185,52,,1,0,0,1,0,11,2958,510,534,1,33929,67857,26959,13478
943,15733,294403,4631842399,13.9415,30,,1,0,0,0,0,11,1834,510,534,1,18940,37879,15733,7865
944,13397,408943,5478609371,13.7096,35,176606,0,1,1,1,0,11,1588,254,275,1,15908,31815,13397,6697
945,15823,124669,1972637587,13.9497,20,120288,0,2,2,0,0,11,1847,530,614,1,19057,38113,15823,7910
946,9679,64217,621556343,13.2406,19,59775,0,14,14,0,22,11,1195,254,275,1,11171,22341,9679,4838
947,12953,255191,3305489023,13.661,46,117387,0,4,4,0,0,11,1542,62,77,1,15338,30675,12953,6475
948,26701,172181,4597404881,14.7046,91,,1,0,0,0,0,11,2929,126,144,1,33580,67159,26701,13349
949,19861,135209,2685385949,14.2777,27,,1,0,0,0,0,11,2247,254,275,1,24377,48753,19861,9929
950,10499,403057,4231695443,13.358,30,59291,0,9,9,0,0,11,1284,62,77,1,12211,24421,10499,5248
951,28921,464773,13441699933,14.8198,39,,1,0,0,1,0,11,3148,254,275,1,36603,73205,28921,14459
952,4603,459181,2113610143,12.1684,63,37095,0,44,44,0,0,11,623,62,77,1,4968,9935,4603,2300
953,5471,67631,370009201,12.4176,33,57615,0,34,34,0,64,11,722,62,77,1,6002,12003,5471,2734
954,8167,99707,814307069,12.9956,20,58554,0,17,17,0,2,11,1025,254,275,1,9288,18575,8167,4082
955,6521,180547,1177346987,12.6709,32,109584,0,31,31,0,1,11,843,30,42,1,7270,14539,6521,3259
956,21169,168631,3569749639,14.3697,30,,1,0,0,0,0,11,2380,126,144,1,26118,52235,21169,10583
957,13313,179693,2392252909,13.7005,70,177462,0,2,2,0,0,11,1581,126,144,1,15803,31605,13313,6655
958,10169,472399,4803825431,13.3119,60,124683,0,8,8,0,0,11,1249,126,144,1,11791,23581,10169,5083
959,30169,365231,11018654039,14.8808,21,,1,0,0,1,0,11,3263,254,275,1,38312,76623,30169,15083
960,4133,220681,912074573,12.013,48,37880,0,56,56,0,1,11,569,254,275,1,4417,8833,4133,2065
961,14737,148399,2186956063,13.8472,27,157223,0,2,2,0,0,11,1725,254,275,1,17646,35291,14737,7367
962,20359,354307,7213336213,14.3134,42,,1,0,0,1,0,11,2301,254,275,1,25043,50085,20359,10178
963,31139,96737,3012293443,14.9264,25,,1,0,0,0,0,11,3353,126,144,1,39646,79291,31139,15568
964,29789,222461,6626890729,14.8625,58,,1,0,0,1,0,11,3228,254,275,1,37797,75593,29789,14893
965,15161,456451,6920253611,13.8881,71,178523,0,1,1,1,0,11,1771,510,534,1,18194,36387,15161,7579
966,18587,205937,3827751019,14.182,44,177167,0,1,1,0,0,11,2127,254,275,1,22694,45387,18587,9292
967,7723,89819,693672137,12.9149,18,37908,0,18,18,0,3,11,980,510,534,1,8738,17475,7723,3860
968,24137,326687,7885244119,14.559,22,,1,0,0,1,0,11,2688,510,534,1,30114,60227,24137,12067
969,3863,349411,1349774693,11.9155,57,40107,0,74,74,0,1,11,536,62,77,1,4104,8207,3863,1930
970,31567,64171,2025685957,14.9461,29,,1,0,0,0,0,11,3397,254,275,1,40234,80467,31567,15782
971,14153,64661,915147133,13.7888,23,,1,0,0,0,1,11,1666,126,144,1,16892,33783,14153,7075
972,29339,289103,8481992917,14.8405,30,,1,0,0,1,0,11,3188,894,921,1,37177,74353,29339,14668
973,31123,153749,4785130127,14.9257,29,,1,0,0,0,0,11,3352,937,1093,1,39625,79249,31123,15560
974,8161,304429,2484445069,12.9945,46,137513,0,6,6,0,0,11,1024,510,534,1,9281,18561,8161,4079
975,27277,248071,6766632667,14.7354,34,,1,0,0,1,0,11,2986,254,275,1,34361,68721,27277,13637
976,2803,490957,1376152471,11.4528,119,19527,0,172,172,0,0,11,409,62,77,1,2881,5761,2803,1400
977,16567,25763,426815621,14.016,22,,1,0,0,0,59,11,1918,126,144,1,20031,40057,16567,8282
978,32069,284111,9111155659,14.9689,31,,1,0,0,1,0,11,3441,894,921,1,40921,81841,32069,16033
979,19541,322051,6293198591,14.2542,32,,1,0,0,1,0,11,2216,126,144,1,23957,47913,19541,9769
980,25229,423043,10672951847,14.6228,46,,1,0,0,1,0,11,2783,510,534,1,31579,63157,25229,12613
981,14843,121309,1800589487,13.8575,18,174905,0,1,1,0,0,11,1739,126,144,1,17784,35567,14843,7420
982,6067,67993,412513531,12.5668,24,43749,0,29,29,0,62,11,791,62,77,1,6719,13437,6067,3032
983,9967,355127,3539550809,13.2829,30,111544,0,6,6,0,0,11,1228,254,275,1,11540,23079,9967,4982
984,11587,79999,926948413,13.5002,23,163242,0,2,2,0,1,11,1394,126,144,1,13591,27181,11587,5792
985,9161,126433,1158252713,13.1613,55,96147,0,6,6,0,1,11,1136,254,275,1,10525,21049,9161,4579
986,25037,149111,3733292107,14.6118,25,,1,0,0,0,0,11,2766,510,534,1,31324,62647,25037,12517
987,5479,26237,143752523,12.4197,15,37881,0,52,52,0,1776,11,724,126,144,1,6010,12019,5479,2738
988,13463,312941,4213124683,13.7167,28,159003,0,2,2,0,0,11,1596,510,534,1,15992,31983,13463,6730
989,11351,289871,3290325721,13.4705,41,157433,0,4,4,0,0,11,1371,510,534,1,13289,26577,11351,5674
990,14879,136993,2038318847,13.861,22,,1,0,0,0,0,11,1743,254,275,1,17828,35655,14879,7438
991,17657,290597,5131071229,14.108,24,,1,0,0,0,0,11,2028,254,275,1,21467,42933,17657,8827
992,15937,79153,1261461361,13.9601,46,,1,0,0,0,1,11,1858,254,275,1,19204,38407,15937,7967
993,10477,205427,2152258679,13.3549,23,174899,0,6,6,0,0,11,1282,254,275,1,12185,24369,10477,5237
994,25847,288109,7446753323,14.6577,24,,1,0,0,1,0,11,2844,254,275,1,32420,64839,25847,12922
995,24677,360439,8894553203,14.5909,26,,1,0,0,1,0,11,2732,510,534,1,30838,61675,24677,12337
996,2887,40013,115517531,11.4954,22,41775,0,133,133,0,2753,11,418,137,188,1,2977,5953,2887,1442
997,28723,507151,14566898173,14.8099,36,,1,0,0,1,0,11,3129,254,275,1,36328,72655,28723,14360
998,15329,50231,769990999,13.904,19,162081,0,2,2,0,2,11,1791,560,734,1,18414,36827,15329,7663
999,7681,268861,2065121341,12.9071,316,98396,0,12,12,0,0,11,974,254,275,1,8686,17371,7681,3839
1000,20549,491171,10093072879,14.3268,49,,1,0,0,1,0,11,2319,126,144,1,25291,50581,20549,10273
1001,32533,134503,4375786099,14.9896,21,,1,0,0,0,0,11,3491,898,937,1,41565,83129,32533,16265
1002,18043,364069,6568896967,14.1392,29,,1,0,0,1,0,11,2067,510,534,1,21972,43943,18043,9020
1003,25169,486043,12233216267,14.6194,32,,1,0,0,1,0,11,2778,254,275,1,31496,62991,25169,12583
1004,12241,35023,428716543,13.5794,45,166221,0,3,3,0,59,11,1463,588,846,1,14420,28839,12241,6119
1005,9337,335893,3136232941,13.1887,58,112026,0,6,6,0,0,11,1155,126,144,1,10746,21491,9337,4667
1006,13417,490453,6580407901,13.7118,40,179243,0,1,1,1,0,11,1591,254,275,1,15933,31865,13417,6707
1007,27581,180883,4988934023,14.7514,18,,1,0,0,0,0,11,3011,510,534,1,34782,69563,27581,13789
1008,16699,198109,3308222191,14.0275,29,157704,0,2,2,0,0,11,1932,510,534,1,20207,40413,16699,8348
1009,21149,340337,7197787213,14.3683,25,,1,0,0,1,0,11,2377,510,534,1,26093,52185,21149,10573
1010,24799,447451,11096337349,14.598,39,,1,0,0,1,0,11,2743,529,610,1,31003,62005,24799,12398
1011,6619,29483,195147977,12.6924,40,56886,0,30,30,0,697,11,855,260,299,1,7389,14777,6619,3308
1012,6907,50839,351144973,12.7538,16,44469,0,23,23,0,91,11,888,254,275,1,7736,15471,6907,3452
1013,15269,307103,4689155707,13.8983,29,,1,0,0,0,0,11,1782,254,275,1,18339,36677,15269,7633
1014,30169,81181,2449149589,14.8808,22,,1,0,0,0,0,11,3263,254,275,1,38312,76623,30169,15083
1015,15193,229897,3492825121,13.8911,26,175149,0,2,2,0,0,11,1774,510,534,1,18235,36469,15193,7595
1016,7561,114451,865364011,12.8844,30,120453,0,8,8,0,2,11,960,126,144,1,8542,17083,7561,3779
1017,12497,427351,5340605447,13.6093,38,,1,0,0,0,0,11,1492,254,275,1,14755,29509,12497,6247
1018,4933,229781,1133509673,12.2682,34,38881,0,42,42,0,1,11,659,254,275,1,5357,10713,4933,2465
1019,31079,449171,13959785509,14.9237,33,,1,0,0,1,0,11,3348,1022,1052,1,39567,79133,31079,15538
1020,9181,448379,4116567599,13.1644,48,170720,0,1,1,0,0,11,1138,254,275,1,10557,21113,9181,4589
1021,22193,109331,2426382883,14.4378,27,,1,0,0,0,0,11,2489,62,77,1,27497,54993,22193,11095
1022,9463,24359,230509217,13.2081,15,111378,0,10,10,0,450,11,1172,254,275,1,10906,21811,9463,4730
1023,7907,355717,2812654319,12.9489,107,100116,0,12,12,0,0,11,999,510,534,1,8969,17937,7907,3952
1024,6521,286651,1869251171,12.6709,44,109584,0,31,31,0,0,11,843,126,144,1,7270,14539,6521,3259
1025,10093,471259,4756417087,13.3011,77,58239,0,7,7,0,0,11,1239,510,534,1,11697,23393,10093,5045
1026,20107,28219,567399433,14.2954,36,,1,0,0,0,24,11,2273,126,144,1,24706,49410,20107,10052
1027,4129,226307,934421603,12.0116,44,17577,0,78,78,0,1,11,568,254,275,1,4414,8827,4129,2063
1028,7741,241639,1870527499,12.9183,30,105624,0,19,19,0,0,11,982,510,534,1,8764,17527,7741,3869
1029,2699,331909,895822391,11.3982,104,19026,0,156,156,0,1,11,393,254,275,1,2765,5529,2699,1348
1030,18587,142297,2644874339,14.182,44,177167,0,1,1,0,0,11,2127,126,144,1,22694,45387,18587,9292
1031,32633,81649,2664451817,14.994,74,,1,0,0,0,0,11,3503,275,359,1,41699,83397,32633,16315
1032,18973,509863,9673630699,14.2117,32,,1,0,0,1,0,11,2157,510,534,1,23199,46397,18973,9485
1033,13159,218717,2878097003,13.6838,21,117315,0,3,3,0,0,11,1565,576,798,1,15597,31193,13159,6578
1034,20063,483281,9696066703,14.2922,47,,1,0,0,1,0,11,2269,254,275,1,24643,49285,20063,10030
1035,6367,301669,1920726523,12.6364,37,56841,0,20,20,0,0,11,830,126,144,1,7083,14165,6367,3182
1036,30389,138059,4195474951,14.8913,22,,1,0,0,0,0,11,3283,510,534,1,38620,77239,30389,15193
1037,30841,392351,12100497191,14.9126,36,,1,0,0,1,0,11,3325,510,534,1,39234,78467,30841,15419
1038,20219,255709,5170180271,14.3034,52,,1,0,0,0,0,11,2286,254,275,1,24852,49703,20219,10108
1039,25349,216649,5491835501,14.6296,25,,1,0,0,1,0,11,2796,126,144,1,31744,63487,25349,12673
1040,21227,233881,4964591987,14.3736,69,,1,0,0,0,0,11,2387,510,534,1,26193,52385,21227,10612
1041,15889,356561,5665397729,13.9557,25,,1,0,0,1,0,11,1852,510,534,1,19148,38295,15889,7943
1042,23117,160967,3721074139,14.4967,40,,1,0,0,0,0,11,2581,515,554,1,28735,57469,23117,11557
1043,16333,513131,8380968623,13.9955,48,176991,0,2,2,1,0,11,1894,510,534,1,19723,39445,16333,8165
1044,3931,84089,330553859,11.9407,35,19035,0,59,59,0,171,11,546,126,144,1,4182,8363,3931,1964
1045,20939,63499,1329605561,14.3539,41,,1,0,0,0,1,11,2355,518,566,1,25811,51621,20939,10468
1046,26669,144299,3848310031,14.7029,20,,1,0,0,0,0,11,2923,923,1037,1,33536,67071,26669,13333
1047,27179,446609,12138386011,14.7302,26,,1,0,0,1,0,11,2977,510,534,1,34220,68439,27179,13588
1048,4447,292037,1298688539,12.1186,68,39210,0,60,60,0,1,11,604,126,144,1,4786,9571,4447,2222
1049,28909,111493,3223151137,14.8192,65,,1,0,0,0,0,11,3147,281,383,1,36588,73175,28909,14453
1050,17327,46099,798757373,14.0807,20,,1,0,0,0,2,11,1992,571,778,1,21033,42065,17327,8662
1051,25339,308573,7818931247,14.6291,36,176903,0,1,1,1,0,11,2794,254,275,1,31728,63455,25339,12668
1052,9871,20897,206274287,13.269,16,52245,0,12,16,0,665,11,1218,254,275,1,11420,22839,9871,4934
1053,32479,228127,7409336833,14.9872,63,,1,0,0,1,0,11,3485,254,275,1,41489,82977,32479,16238
1054,24809,314983,7814413247,14.5986,22,,1,0,0,1,0,11,2744,510,534,1,31016,62031,24809,12403
1055,18059,20507,370335913,14.1404,36,157436,0,1,1,0,64,11,2070,558,726,1,21993,43985,18059,9028
1056,31177,319819,9970996963,14.9282,23,,1,0,0,1,0,11,3358,510,534,1,39701,79401,31177,15587
1057,14489,182867,2649559963,13.8227,20,181529,0,1,1,0,0,11,1698,254,275,1,17322,34643,14489,7243
1058,9157,127453,1167087121,13.1607,22,40095,0,14,14,0,1,11,1135,126,144,1,10520,21039,9157,4577
1059,19541,369959,7229368819,14.2542,34,,1,0,0,1,0,11,2216,126,144,1,23957,47913,19541,9769
1060,23017,378869,8720427773,14.4904,26,,1,0,0,1,0,11,2567,254,275,1,28601,57201,23017,11507
1061,3253,245261,797834033,11.6676,60,32750,0,116,116,0,2,11,459,126,144,1,3395,6789,3253,1625
1062,11941,48679,581275939,13.5436,33,188079,0,2,2,0,23,11,1432,520,574,1,14046,28091,11941,5969
1063,4093,266603,1091206079,11.9989,72,52679,0,61,61,0,1,11,564,62,77,1,4372,8743,4093,2045
1064,14537,176489,2565620593,13.8274,25,,1,0,0,0,0,11,1702,254,275,1,17386,34771,14537,7267
1065,9283,202291,1877867353,13.1804,29,117549,0,7,7,0,0,11,1150,510,534,1,10679,21357,9283,4640
1066,27509,30389,835971001,14.7476,64,,1,0,0,0,2,11,3005,254,275,1,34681,69360,27509,13753
1067,30661,401087,12297728507,14.9041,33,,1,0,0,1,0,11,3307,510,534,1,38992,77983,30661,15329
1068,30491,81457,2483705387,14.8961,22,,1,0,0,0,0,11,3291,510,534,1,38758,77515,30491,15244
1069,21859,440431,9627381229,14.4159,26,,1,0,0,1,0,11,2452,1042,1132,1,27042,54083,21859,10928
1070,28753,385943,11097019079,14.8114,21,,1,0,0,1,0,11,3132,894,921,1,36373,72745,28753,14375
1071,9601,74707,717261907,13.229,18,120122,0,7,7,0,2,11,1185,126,144,1,11081,22161,9601,4799
1072,12743,54829,698685947,13.6374,16,,1,0,0,0,3,11,1521,254,275,1,15066,30131,12743,6370
1073,17231,491737,8473120247,14.0727,35,174474,0,2,2,1,0,11,1984,510,534,1,20909,41817,17231,8614
1074,8597,328481,2823951157,13.0696,72,43740,0,23,23,0,0,11,1070,510,534,1,9823,19645,8597,4297
1075,32467,142897,4639436899,14.9867,34,,1,0,0,0,0,11,3484,510,534,1,41474,82947,32467,16232
1076,18047,340889,6152023783,14.1395,113,,1,0,0,1,0,11,2068,254,275,1,21977,43953,18047,9022
1077,11213,272183,3051987979,13.4529,30,183444,0,2,2,0,0,11,1357,254,275,1,13115,26229,11213,5605
1078,25307,485959,12298164413,14.6272,31,,1,0,0,1,0,11,2791,894,921,1,31681,63361,25307,12652
1079,31513,357103,11253386839,14.9437,56,,1,0,0,1,0,11,3391,894,921,1,40148,80295,31513,15755
1080,15923,473743,7543409789,13.9588,39,,1,0,0,1,0,11,1857,894,921,1,19187,38373,15923,7960
1081,4057,431083,1748903731,11.9862,67,57492,0,60,60,0,0,11,560,254,275,1,4328,8655,4057,2027
1082,32749,208997,6844442753,14.9992,24,,1,0,0,1,0,11,3512,510,534,1,41862,83723,32749,16373
1083,22259,141041,3139431619,14.4421,51,,1,0,0,0,0,11,2492,510,534,1,27583,55165,22259,11128
1084,24677,45589,1124999753,14.5909,22,,1,0,0,0,1,11,2732,126,144,1,30842,61675,24677,12337
1085,18839,376699,7096632461,14.2014,131,,1,0,0,1,0,11,2147,894,921,1,23023,46045,18839,9418
1086,16631,383179,6372649949,14.0216,61,,1,0,0,1,0,11,1923,254,275,1,20114,40227,16631,8314
1087,29723,279479,8306954317,14.8593,36,,1,0,0,1,0,11,3223,254,275,1,37700,75399,29723,14860
1088,15091,219959,3319401269,13.8814,27,177605,0,1,1,0,0,11,1763,510,534,1,18106,36211,15091,7544
1089,30313,148667,4506542771,14.8876,33,,1,0,0,0,0,11,3277,254,275,1,38514,77027,30313,15155
1090,16073,89599,1440124727,13.9724,21,172779,0,4,4,0,0,11,1871,254,275,1,19383,38765,16073,8035
1091,9041,449003,4059436123,13.1423,65,122220,0,7,7,0,0,11,1123,126,144,1,10380,20759,9041,4519
1092,31123,344917,10734851791,14.9257,42,,1,0,0,1,0,11,3352,62,77,1,39625,79249,31123,15560
1093,12421,225217,2797420357,13.6005,23,124641,0,3,3,0,0,11,1483,254,275,1,14654,29307,12421,6209
1094,8951,240631,2153888081,13.1278,35,171051,0,4,4,0,0,11,1113,510,534,1,10268,20535,8951,4474
1095,29179,224197,6541844263,14.8326,23,,1,0,0,1,0,11,3172,1022,1052,1,36953,73905,29179,14588
1096,22481,466517,10487768677,14.4564,46,,1,0,0,1,0,11,2514,126,144,1,27877,55753,22481,11239
1097,22921,93911,2152534031,14.4844,29,,1,0,0,0,0,11,2558,553,706,1,28464,56927,22921,11459
1098,10601,308899,3274638299,13.3719,40,134865,0,7,7,0,0,11,1293,254,275,1,12342,24683,10601,5299
1099,10739,425851,4573213889,13.3906,38,116157,0,5,5,0,0,11,1310,126,144,1,12514,25027,10739,5368
1100,25189,149729,3771523781,14.6205,28,,1,0,0,0,0,11,2781,510,534,1,31527,63053,25189,12593
1101,31247,32027,1000747669,14.9314,54,,1,0,0,0,1,11,3367,510,534,1,39795,79580,31247,15622
1102,5623,370033,2080695559,12.4571,55,58587,0,25,25,0,0,11,739,126,144,1,6183,12365,5623,2810
1103,23027,216779,4991770033,14.491,21,,1,0,0,0,0,11,2569,510,534,1,28617,57233,23027,11512
1104,8363,419491,3508203233,13.0298,44,105218,0,12,12,0,0,11,1047,126,144,1,9532,19063,8363,4180
1105,17707,80527,1425891589,14.112,17,,1,0,0,0,0,11,2033,126,144,1,21528,43055,17707,8852
1106,18553,189767,3520747151,14.1794,21,138510,0,2,2,0,0,11,2125,894,921,1,22644,45287,18553,9275
1107,24169,33023,798132887,14.5609,126,,1,0,0,0,2,11,2690,126,144,1,30157,60312,24169,12083
1108,29251,129457,3786746707,14.8362,22,,1,0,0,0,0,11,3180,254,275,1,37051,74101,29251,14624
1109,16417,131477,2158457909,14.0029,69,176411,0,1,1,0,0,11,1902,126,144,1,19835,39669,16417,8207
1110,6907,313853,2167782671,12.7538,36,44469,0,23,23,0,0,11,888,126,144,1,7736,15471,6907,3452
1111,21599,108247,2338026953,14.3987,94,,1,0,0,0,0,11,2425,596,878,1,26699,53397,21599,10798
1112,7069,15187,107356903,12.7873,16,58565,0,20,21,0,3364,11,908,265,319,1,7936,15871,7069,3533
1113,27943,30091,840832813,14.7702,78,,1,0,0,0,2,11,3049,254,275,1,35269,70537,27943,13970
1114,24019,50651,1216586369,14.5519,22,,1,0,0,0,1,11,2671,254,275,1,29953,59905,24019,12008
1115,26347,442139,11649036233,14.6854,31,,1,0,0,1,0,11,2895,510,534,1,33095,66189,26347,13172
1116,25639,29473,755658247,14.6461,32,,1,0,0,0,2,11,2824,254,275,1,32134,64267,25639,12818
1117,27743,132299,3670371157,14.7598,22,,1,0,0,0,0,11,3026,254,275,1,34995,69989,27743,13870
1118,2269,524113,1189212397,11.1478,205,13097,0,180,180,0,1,11,337,126,144,1,2288,4575,2269,1133
1119,29123,63709,1855397207,14.8299,34,,1,0,0,0,0,11,3164,269,335,1,36877,73753,29123,14560
1120,31121,259151,8065038271,14.9256,35,,1,0,0,1,0,11,3351,510,534,1,39624,79247,31121,15559
1121,28069,50873,1427954237,14.7767,37,,1,0,0,0,0,11,3062,510,534,1,35438,70875,28069,14033
1122,23857,522061,12454809277,14.5421,39,,1,0,0,1,0,11,2653,126,144,1,29729,59457,23857,11927
1123,20393,436649,8904583057,14.3158,51,,1,0,0,1,0,11,2304,254,275,1,25088,50175,20393,10195
1124,14867,29429,437520943,13.8598,35,174989,0,1,1,0,58,11,1741,126,144,1,17815,35628,14867,7432
1125,27067,212039,5739259613,14.7242,44,,1,0,0,1,0,11,2968,254,275,1,34075,68149,27067,13532
1126,10211,121501,1240646711,13.3178,20,115993,0,6,6,0,1,11,1253,254,275,1,11850,23699,10211,5104
1127,3559,252289,897896551,11.7973,54,41148,0,84,84,0,1,11,499,126,144,1,3750,7499,3559,1778
1128,14519,383651,5570228869,13.8257,26,,1,0,0,1,0,11,1700,126,144,1,17358,34715,14519,7258
1129,3329,301643,1004169547,11.7009,58,20166,0,102,102,0,1,11,469,254,275,1,3483,6965,3329,1663
1130,3499,219953,769615547,11.7727,46,32829,0,81,81,0,2,11,489,126,144,1,3682,7363,3499,1748
1131,13873,203017,2816454841,13.76,22,,1,0,0,0,0,11,1638,510,534,1,16530,33059,13873,6935
1132,8941,210671,1883609411,13.1262,38,159075,0,8,8,0,0,11,1112,126,144,1,10255,20509,8941,4469
1133,32089,345461,11085498029,14.9698,104,,1,0,0,1,0,11,3444,510,534,1,40946,81891,32089,16043
1134,31019,300661,9326203559,14.9209,30,,1,0,0,1,0,11,3342,254,275,1,39479,78957,31019,15508
1135,8387,228341,1915095967,13.0339,29,115183,0,12,12,0,0,11,1050,126,144,1,9563,19125,8387,4192
1136,21379,109313,2337002627,14.3839,22,,1,0,0,0,0,11,2399,254,275,1,26403,52805,21379,10688
1137,8429,371549,3131786521,13.0411,38,124664,0,5,5,0,0,11,1054,510,534,1,9613,19225,8429,4213
1138,27211,317827,8648390497,14.7319,30,,1,0,0,1,0,11,2980,62,77,1,34267,68533,27211,13604
1139,22369,352817,7892163473,14.4492,29,,1,0,0,1,0,11,2504,62,77,1,27733,55465,22369,11183
1140,5273,150559,793897607,12.3644,32,55485,0,44,44,0,2,11,699,254,275,1,5764,11527,5273,2635
1141,29023,475907,13812248861,14.8249,42,,1,0,0,1,0,11,3157,894,921,1,36740,73479,29023,14510
1142,22697,162779,3694594963,14.4702,24,,1,0,0,0,0,11,2535,254,275,1,28168,56335,22697,11347
1143,22271,312161,6952137631,14.4429,51,,1,0,0,1,0,11,2493,254,275,1,27600,55199,22271,11134
1144,5279,336613,1776980027,12.366,49,45195,0,49,49,0,0,11,700,126,144,1,5769,11537,5279,2638
1145,22291,186701,4161751991,14.4442,26,,1,0,0,0,0,11,2498,894,921,1,27625,55249,22291,11144
1146,28621,127037,3635925977,14.8048,133,,1,0,0,0,0,11,3116,307,487,1,36193,72385,28621,14309
1147,30509,493993,15071232437,14.8969,27,,1,0,0,1,0,11,3294,254,275,1,38781,77561,30509,15253
1148,17327,318751,5522998577,14.0807,39,,1,0,0,1,0,11,1992,126,144,1,21033,42065,17327,8662
1149,12983,72341,939203203,13.6643,46,196850,0,1,1,0,1,11,1547,126,144,1,15373,30745,12983,6490
1150,21379,352831,7543173949,14.3839,51,,1,0,0,1,0,11,2399,510,534,1,26403,52805,21379,10688
1151,14983,456611,6841402613,13.871,29,124668,0,2,2,1,0,11,1754,254,275,1,17961,35921,14983,7490
1152,4349,424771,1847329079,12.0865,82,19439,0,64,64,0,0,11,594,254,275,1,4670,9339,4349,2173
1153,17573,392831,6903219163,14.1011,26,,1,0,0,1,0,11,2020,62,77,1,21353,42705,17573,8785
1154,9719,278279,2704593601,13.2466,29,110826,0,7,7,0,0,11,1198,254,275,1,11226,22451,9719,4858
1155,14431,24691,356315821,13.8169,15,117909,0,4,4,0,88,11,1692,126,144,1,17246,34491,14431,7214
1156,22691,296363,6724772833,14.4698,35,,1,0,0,1,0,11,2534,62,77,1,28157,56313,22691,11344
1157,31223,461957,14423683411,14.9303,52,,1,0,0,1,0,11,3364,510,534,1,39759,79517,31223,15610
1158,24767,468079,11592912593,14.5961,35,,1,0,0,1,0,11,2740,254,275,1,30962,61923,24767,12382
1159,32621,440371,14365342391,14.9935,345,,1,0,0,1,0,11,3502,510,534,1,41680,83359,32621,16309
1160,10163,414019,4207675097,13.311,34,120264,0,8,8,0,0,11,1248,510,534,1,11784,23567,10163,5080
1161,13751,373613,5137552363,13.7472,32,,1,0,0,0,0,11,1626,510,534,1,16368,32735,13751,6874
1162,19447,112787,2193368789,14.2473,148,,1,0,0,0,0,11,2205,510,534,1,23830,47659,19447,9722
1163,32491,442007,14361249437,14.9878,25,,1,0,0,1,0,11,3486,510,534,1,41508,83015,32491,16244
1164,26879,52541,1412249539,14.7142,23,,1,0,0,0,0,11,2948,574,790,1,33828,67649,26879,13438
1165,32069,329993,10582545517,14.9689,21,,1,0,0,1,0,11,3441,254,275,1,40921,81841,32069,16033
1166,30319,341603,10357061357,14.8879,31,,1,0,0,1,0,11,3278,510,534,1,38527,77053,30319,15158
1167,6133,151507,929192431,12.5824,36,56807,0,22,22,0,1,11,800,62,77,1,6796,13591,6133,3065
1168,27773,432343,12007462139,14.7614,25,,1,0,0,1,0,11,3031,254,275,1,35036,70071,27773,13885
1169,25621,245851,6298948471,14.645,27,,1,0,0,1,0,11,2822,254,275,1,32114,64227,25621,12809
1170,21481,369913,7946101153,14.3908,62,,1,0,0,1,0,11,2408,510,534,1,26530,53059,21481,10739
1171,13241,321619,4258557179,13.6927,29,155303,0,2,2,0,0,11,1574,510,534,1,15708,31415,13241,6619
1172,18301,162973,2982568873,14.1596,31,,1,0,0,0,0,11,2097,254,275,1,22316,44631,18301,9149
1173,21601,21863,472262663,14.3988,91,,1,0,0,0,25,11,2426,510,534,1,26701,53400,21601,10799
1174,4241,291287,1235348167,12.0502,48,32811,0,53,53,0,1,11,581,30,42,1,4543,9085,4241,2119
1175,16631,115963,1928580653,14.0216,46,,1,0,0,0,0,11,1923,292,427,1,20114,40227,16631,8314
1176,11689,197621,2309991869,13.5129,29,118038,0,6,6,0,0,11,1403,126,144,1,13724,27447,11689,5843
1177,3347,68219,228328993,11.7087,22,19446,0,98,99,0,476,11,472,126,144,1,3506,7011,3347,1672
1178,15791,271127,4281366457,13.9468,33,158031,0,2,2,0,0,11,1842,254,275,1,19018,38035,15791,7894
1179,8663,271981,2356171403,13.0807,41,118190,0,7,7,0,0,11,1078,510,534,1,9905,19809,8663,4330
1180,24223,225751,5468366473,14.5641,21,,1,0,0,1,0,11,2695,254,275,1,30223,60445,24223,12110
1181,14249,448067,6384506683,13.7986,37,,1,0,0,1,0,11,1674,254,275,1,17016,34031,14249,7123
1182,30223,267857,8095442111,14.8834,30,,1,0,0,1,0,11,3269,510,534,1,38386,76771,30223,15110
1183,6217,423991,2635952047,12.602,71,98603,0,29,29,0,0,11,809,126,144,1,6901,13801,6217,3107
1184,11393,371191,4228979063,13.4759,45,112347,0,8,8,0,0,11,1375,510,534,1,13341,26681,11393,5695
1185,25801,283181,7306352981,14.6551,59,,1,0,0,1,0,11,2841,254,275,1,32359,64717,25801,12899
1186,29153,74051,2158808803,14.8314,16,,1,0,0,0,0,11,3169,271,343,1,36922,73843,29153,14575
1187,30011,94397,2832948367,14.8732,25,,1,0,0,0,0,11,3246,510,534,1,38097,76193,30011,15004
1188,11777,230597,2715740869,13.5237,23,120257,0,2,2,0,0,11,1410,126,144,1,13833,27665,11777,5887
1189,19661,380753,7485984733,14.263,26,,1,0,0,1,0,11,2226,510,534,1,24113,48225,19661,9829
1190,20297,78007,1583308079,14.309,17,,1,0,0,0,0,11,2293,126,144,1,24959,49917,20297,10147
1191,22751,58511,1331183761,14.4736,37,,1,0,0,0,1,11,2543,261,303,1,28242,56483,22751,11374
1192,14083,40123,565052209,13.7817,30,,1,0,0,0,24,11,1661,532,622,1,16793,33585,14083,7040
1193,3121,448697,1400383337,11.6078,83,13176,0,100,100,0,0,11,445,126,144,1,3244,6487,3121,1559
1194,17659,520607,9193399013,14.1081,32,177327,0,2,2,1,0,11,2029,510,534,1,21468,42935,17659,8828
1195,7949,100411,798167039,12.9566,37,58536,0,15,15,0,2,11,1004,254,275,1,9019,18037,7949,3973
1196,13537,205603,2783247811,13.7246,34,117371,0,3,3,0,0,11,1603,510,534,1,16087,32173,13537,6767
1197,5011,299371,1500148081,12.2909,51,60560,0,41,41,0,0,11,672,254,275,1,5452,10903,5011,2504
1198,23557,328787,7745235359,14.5239,32,,1,0,0,1,0,11,2619,254,275,1,29331,58661,23557,11777
1199,2447,448067,1096419949,11.2568,128,17583,0,151,151,0,1,11,363,62,77,1,2487,4973,2447,1222
1200,5711,38231,218337241,12.4795,18,39527,0,49,49,0,585,11,752,126,144,1,6288,12575,5711,2854
1201,29473,169049,4982381177,14.8471,19,,1,0,0,0,0,11,3202,254,275,1,37363,74725,29473,14735
1202,9817,32611,320142187,13.2611,17,123198,0,9,9,0,185,11,1211,30,42,1,11347,22693,9817,4907
1203,19583,106189,2079499187,14.2573,33,,1,0,0,0,0,11,2222,511,538,1,24011,48021,19583,9790
1204,12583,249589,3140578387,13.6192,29,,1,0,0,0,0,11,1503,308,491,1,14866,29731,12583,6290
1205,9397,261799,2460125203,13.198,43,113964,0,7,7,0,0,11,1162,254,275,1,10819,21637,9397,4697
1206,28579,312563,8932737977,14.8027,31,,1,0,0,1,0,11,3110,576,798,1,36135,72269,28579,14288
1207,4153,334507,1389207571,12.0199,62,57185,0,56,56,0,0,11,571,62,77,1,4439,8877,4153,2075
1208,20483,45823,938592509,14.3221,25,,1,0,0,0,1,11,2313,510,534,1,25207,50413,20483,10240
1209,29753,118249,3518262497,14.8607,211,,1,0,0,0,0,11,3225,126,144,1,37746,75491,29753,14875
1210,25819,346561,8947858459,14.6561,27,,1,0,0,1,0,11,2842,894,921,1,32384,64767,25819,12908
1211,14341,411529,5901737389,13.8079,29,157617,0,3,3,1,0,11,1682,126,144,1,17130,34259,14341,7169
1212,25997,95629,2486067113,14.6661,23,,1,0,0,0,0,11,2859,254,275,1,32623,65245,25997,12997
1213,25609,269923,6912458107,14.6444,19,,1,0,0,1,0,11,2821,254,275,1,32099,64197,25609,12803
1214,16433,220021,3615605093,14.0043,36,,1,0,0,0,0,11,1905,518,566,1,19852,39703,16433,8215
1215,6949,83257,578552893,12.7626,55,59850,0,25,25,0,23,11,892,62,77,1,7786,15571,6949,3473
1216,3301,114473,377875373,11.6887,30,19512,0,111,111,0,63,11,464,30,42,1,3450,6899,3301,1649
1217,24923,484987,12087331001,14.6052,28,,1,0,0,1,0,11,2755,894,921,1,31169,62337,24923,12460
1218,17099,25121,429543979,14.0616,26,170316,0,3,3,0,59,11,1971,62,77,1,20735,41461,17099,8548
1219,26431,335893,8877987883,14.6899,41,,1,0,0,1,0,11,2904,254,275,1,33204,66407,26431,13214
1220,18191,178681,3250386071,14.1509,20,,1,0,0,0,0,11,2084,254,275,1,22171,44341,18191,9094
1221,16649,479473,7982745977,14.0231,42,157440,0,3,3,1,0,11,1925,510,534,1,20136,40271,16649,8323
1222,11383,266159,3029687897,13.4746,24,59055,0,8,8,0,0,11,1374,522,582,1,13326,26651,11383,5690
1223,32363,453559,14678529917,14.9821,50,,1,0,0,1,0,11,3472,254,275,1,41326,82651,32363,16180
1224,5399,385589,2081795011,12.3985,103,58643,0,34,34,0,0,11,712,62,77,1,5918,11835,5399,2698
1225,16729,308621,5162920709,14.0301,110,,1,0,0,0,0,11,1934,510,534,1,20243,40485,16729,8363
1226,14243,392741,5593810063,13.798,30,,1,0,0,1,0,11,1673,563,746,1,17005,34009,14243,7120
1227,6829,403681,2756737549,12.7375,49,64151,0,22,22,0,0,11,879,62,77,1,7647,15293,6829,3413
1228,17321,208391,3609540511,14.0802,31,,1,0,0,0,0,11,1991,254,275,1,21022,42043,17321,8659
1229,11243,147211,1655093273,13.4567,37,78731,0,5,5,0,0,11,1359,254,275,1,13153,26305,11243,5620
1230,12157,57791,702565187,13.5695,21,115909,0,5,5,0,3,11,1455,254,275,1,14321,28641,12157,6077
1231,3967,322051,1277576317,11.9538,62,37191,0,96,96,0,1,11,549,126,144,1,4225,8449,3967,1982
1232,15307,201281,3081008267,13.9019,37,,1,0,0,0,0,11,1788,574,790,1,18389,36777,15307,7652
1233,9013,344479,3104789227,13.1378,52,115947,0,11,11,0,0,11,1121,510,534,1,10344,20687,9013,4505
1234,28547,128831,3677738557,14.8011,25,,1,0,0,0,0,11,3105,510,534,1,36097,72193,28547,14272
1235,31183,105239,3281667737,14.9285,85,,1,0,0,0,0,11,3360,518,566,1,39707,79413,31183,15590
1236,13649,82349,1123981501,13.7365,244,172689,0,3,3,0,1,11,1613,510,534,1,16233,32465,13649,6823
1237,21107,221497,4675137179,14.3654,35,,1,0,0,0,0,11,2373,533,626,1,26039,52077,21107,10552
1238,19079,22013,419986027,14.2197,101,,1,0,0,0,61,11,2167,559,730,1,23349,46689,19079,9538
1239,24439,237571,5805997669,14.5769,20,,1,0,0,1,0,11,2713,510,534,1,30508,61015,24439,12218
1240,15907,497411,7912316777,13.9574,32,,1,0,0,1,0,11,1854,254,275,1,19170,38339,15907,7952
1241,7393,299969,2217670817,12.8519,35,118796,0,8,8,0,0,11,939,254,275,1,8335,16669,7393,3695
1242,8377,248593,2082463561,13.0322,52,112238,0,8,8,0,0,11,1049,62,77,1,9546,19091,8377,4187
1243,29137,399739,11647195243,14.8306,40,,1,0,0,1,0,11,3167,510,534,1,36896,73791,29137,14567
1244,26891,444589,11955442799,14.7148,27,,1,0,0,1,0,11,2950,510,534,1,33841,67681,26891,13444
1245,29629,377459,11183732711,14.8547,22,,1,0,0,1,0,11,3215,254,275,1,37572,75143,29629,14813
1246,30557,310741,9495312737,14.8992,57,,1,0,0,1,0,11,3299,897,933,1,38848,77695,30557,15277
1247,19037,510907,9726136559,14.2165,54,,1,0,0,1,0,11,2163,510,534,1,23285,46569,19037,9517
1248,27337,505871,13828995527,14.7386,43,,1,0,0,1,0,11,2991,510,534,1,34446,68891,27337,13667
1249,28661,438203,12559336183,14.8068,30,,1,0,0,1,0,11,3122,254,275,1,36247,72493,28661,14329
1250,15959,222557,3551787163,13.9621,25,190275,0,1,1,0,0,11,1859,266,323,1,19237,38473,15959,7978
1251,23623,299027,7063914821,14.5279,22,170613,0,3,3,1,0,11,2628,254,275,1,29416,58831,23623,11810
1252,27541,70229,1934176889,14.7493,70,,1,0,0,0,0,11,3009,126,144,1,34722,69443,27541,13769
1253,19259,179479,3456586061,14.2332,20,,1,0,0,0,0,11,2184,510,534,1,23582,47163,19259,9628
1254,8039,21011,168907429,12.9728,97,111045,0,14,14,0,1030,11,1011,126,144,1,9132,18263,8039,4018
1255,27779,133919,3720135901,14.7617,24,,1,0,0,0,0,11,3032,254,275,1,35045,70089,27779,13888
1256,16453,386119,6352815907,14.0061,54,172935,0,2,2,1,0,11,1908,510,534,1,19879,39757,16453,8225
1257,3041,507491,1543280131,11.5703,101,39357,0,96,96,0,0,11,436,126,144,1,3151,6301,3041,1519
1258,13913,181553,2525946889,13.7641,39,157521,0,4,4,0,0,11,1645,254,275,1,16577,33153,13913,6955
1259,6367,414559,2639497153,12.6364,57,56841,0,20,20,0,0,11,830,126,144,1,7083,14165,6367,3182
1260,20431,258067,5272566877,14.3185,41,,1,0,0,0,0,11,2308,510,534,1,25136,50271,20431,10214
1261,8521,100501,856369021,13.0568,32,58808,0,15,15,0,2,11,1062,254,275,1,9729,19457,8521,4259
1262,17707,175699,3111102193,14.112,29,,1,0,0,0,0,11,2033,510,534,1,21528,43055,17707,8852
1263,4229,38239,161712731,12.0461,38,39147,0,93,93,0,1169,11,579,126,144,1,4529,9057,4229,2113
1264,8167,397807,3248889769,12.9956,52,58554,0,17,17,0,0,11,1025,254,275,1,9288,18575,8167,4082
1265,27583,322921,8907129943,14.7515,28,,1,0,0,1,0,11,3012,284,395,1,34783,69565,27583,13790
1266,9467,78571,743831657,13.2087,23,118431,0,6,6,0,2,11,1173,126,144,1,10911,21821,9467,4732
1267,21517,78539,1689923663,14.3932,27,,1,0,0,0,0,11,2414,265,319,1,26588,53175,21517,10757
1268,7321,169243,1239028003,12.8378,49,52496,0,13,13,0,1,11,933,254,275,1,8247,16493,7321,3659
1269,2711,94483,256143413,11.4046,35,30627,0,137,137,0,278,11,395,126,144,1,2779,5557,2711,1354
1270,22291,151733,3382280303,14.4442,19,,1,0,0,0,0,11,2498,254,275,1,27625,55249,22291,11144
1271,9833,22511,221350663,13.2634,14,58311,0,13,15,0,560,11,1213,254,275,1,11369,22737,9833,4915
1272,5743,453073,2601998239,12.4876,58,19440,0,57,57,0,0,11,756,254,275,1,6326,12651,5743,2870
1273,7993,223711,1788122023,12.9645,67,119304,0,14,14,0,0,11,1007,126,144,1,9072,18143,7993,3995
1274,17747,385501,6841486247,14.1153,33,,1,0,0,1,0,11,2037,126,144,1,21582,43163,17747,8872
1275,24239,376199,9118687561,14.565,27,,1,0,0,1,0,11,2697,254,275,1,30247,60493,24239,12118
1276,15473,510919,7905449687,13.9175,77,117342,0,4,4,1,0,11,1808,254,275,1,18599,37197,15473,7735
1277,14843,460709,6838303687,13.8575,66,174905,0,1,1,1,0,11,1739,254,275,1,17784,35567,14843,7420
1278,12421,430987,5353289527,13.6005,31,124641,0,3,3,0,0,11,1483,254,275,1,14654,29307,12421,6209
1279,29179,338263,9870176077,14.8326,30,,1,0,0,1,0,11,3172,1022,1052,1,36953,73905,29179,14588
1280,31799,329867,10489440733,14.9567,34,,1,0,0,1,0,11,3419,510,534,1,40550,81099,31799,15898
1281,2423,304153,736962719,11.2426,75,12635,0,142,142,0,2,11,360,30,42,1,2462,4923,2423,1210
1282,4549,483557,2199700793,12.1513,77,52565,0,68,68,0,0,11,617,510,534,1,4906,9811,4549,2273
1283,20807,207017,4307402719,14.3448,25,,1,0,0,0,0,11,2343,126,144,1,25635,51269,20807,10402
1284,22721,305857,6949376897,14.4717,66,,1,0,0,1,0,11,2539,510,534,1,28204,56407,22721,11359
1285,24499,344887,8449386613,14.5804,28,,1,0,0,1,0,11,2718,126,144,1,30597,61193,24499,12248
1286,9419,113891,1072739329,13.2014,34,111429,0,6,6,0,1,11,1165,254,275,1,10851,21701,9419,4708
1287,13691,172973,2368173343,13.7409,20,59046,0,12,12,0,0,11,1618,62,77,1,16288,32575,13691,6844
1288,15649,223217,3493122833,13.9338,22,,1,0,0,0,0,11,1826,254,275,1,18832,37663,15649,7823
1289,16187,417037,6750577919,13.9825,32,,1,0,0,1,0,11,1881,510,534,1,19536,39071,16187,8092
1290,10711,59797,640485667,13.3868,17,131130,0,4,4,0,21,11,1306,254,275,1,12480,24959,10711,5354
1291,19469,27749,540245281,14.2489,25,,1,0,0,0,24,11,2208,254,275,1,23860,47718,19469,9733
1292,6397,253247,1620021059,12.6432,46,40092,0,30,30,0,0,11,834,254,275,1,7115,14229,6397,3197
1293,15439,225859,3487037101,13.9143,36,157460,0,1,1,0,0,11,1803,254,275,1,18560,37119,15439,7718
1294,31957,137279,4387025003,14.9638,19,,1,0,0,0,0,11,3428,529,610,1,40767,81533,31957,15977
1295,8291,447983,3714227053,13.0173,52,111672,0,11,11,0,0,11,1040,510,534,1,9443,18885,8291,4144
1296,14879,203897,3033783463,13.861,39,,1,0,0,0,0,11,1743,254,275,1,17828,35655,14879,7438
1297,20663,205031,4236555553,14.3348,30,177068,0,1,1,0,0,11,2328,520,574,1,25440,50879,20663,10330
1298,11213,521657,5849339941,13.4529,43,183444,0,2,2,1,0,11,1357,254,275,1,13115,26229,11213,5605
1299,26881,385139,10352921459,14.7143,43,,1,0,0,1,0,11,2949,510,534,1,33826,67651,26881,13439
1300,21893,304393,6664075949,14.4182,24,,1,0,0,1,0,11,2456,254,275,1,27088,54175,21893,10945
1301,13001,331777,4313432777,13.6663,28,163962,0,2,2,0,0,11,1548,514,550,1,15400,30799,13001,6499
1302,21313,189671,4042458023,14.3794,35,,1,0,0,0,0,11,2392,510,534,1,26314,52627,21313,10655
1303,6703,327917,2198027651,12.7106,54,39396,0,26,26,0,0,11,865,254,275,1,7491,14981,6703,3350
1304,15193,355441,5400215113,13.8911,40,175149,0,2,2,0,0,11,1774,510,534,1,18235,36469,15193,7595
1305,32189,306661,9871110929,14.9743,26,,1,0,0,1,0,11,3453,510,534,1,41083,82165,32189,16093
1306,2729,422557,1153158053,11.4142,102,12852,0,144,144,0,1,11,398,126,144,1,2798,5595,2729,1363
1307,17971,105563,1897072673,14.1334,81,,1,0,0,0,0,11,2060,525,594,1,21879,43757,17971,8984
1308,4831,469907,2270120717,12.2381,63,41543,0,43,43,0,0,11,650,62,77,1,5237,10473,4831,2414
1309,11287,147137,1660735319,13.4624,75,164196,0,2,2,0,0,11,1365,254,275,1,13207,26413,11287,5642
1310,2617,432251,1131200867,11.3537,96,19187,0,121,121,0,1,11,380,62,77,1,2674,5347,2617,1307
1311,6221,423019,2631601199,12.6029,383,43497,0,24,24,0,0,11,810,254,275,1,6904,13807,6221,3109
1312,32423,234673,7608802679,14.9847,42,,1,0,0,1,0,11,3480,62,77,1,41410,82819,32423,16210
1313,30649,68713,2105984737,14.9036,59,,1,0,0,0,0,11,3306,254,275,1,38973,77945,30649,15323
1314,21491,240169,5161471979,14.3914,26,,1,0,0,0,0,11,2410,254,275,1,26550,53099,21491,10744
1315,32693,332561,10872416773,14.9967,26,,1,0,0,1,0,11,3507,510,534,1,41783,83565,32693,16345
1316,12211,46133,563330063,13.5759,38,172826,0,5,5,0,24,11,1460,30,42,1,14387,28773,12211,6104
1317,22193,22751,504912943,14.4378,50,,1,0,0,0,24,11,2489,261,303,1,27500,54993,22193,11095
1318,10529,211681,2228789249,13.3621,26,176948,0,2,2,0,0,11,1287,510,534,1,12250,24499,10529,5263
1319,19333,46261,894363913,14.2388,121,172770,0,2,2,0,1,11,2191,254,275,1,23682,47363,19333,9665
1320,14051,26723,375484873,13.7784,21,138509,0,1,1,0,64,11,1657,254,275,1,16755,33509,14051,7024
1321,24443,487819,11923759817,14.5771,37,,1,0,0,1,0,11,2714,510,534,1,30511,61021,24443,12220
1322,13063,105173,1373874899,13.6732,36,120279,0,4,4,0,0,11,1556,126,144,1,15476,30951,13063,6530
1323,4583,258551,1184939233,12.1621,38,34965,0,53,53,0,1,11,620,126,144,1,4945,9889,4583,2290
1324,14713,493133,7255465829,13.8448,35,,1,0,0,1,0,11,1721,126,144,1,17616,35231,14713,7355
1325,21319,141101,3008132219,14.3799,119,,1,0,0,0,0,11,2394,510,534,1,26324,52647,21319,10658
1326,13469,39857,536833933,13.7174,50,177191,0,1,1,0,24,11,1597,126,144,1,15997,31993,13469,6733
1327,19571,489989,9589574719,14.2564,48,,1,0,0,1,0,11,2220,254,275,1,23997,47993,19571,9784
1328,23599,194609,4592577791,14.5264,26,170559,0,2,2,0,0,11,2625,510,534,1,29387,58773,23599,11798
1329,18061,224303,4051136483,14.1406,26,,1,0,0,0,0,11,2071,126,144,1,21994,43987,18061,9029
1330,2531,10987,27808097,11.3055,23,17579,0,160,159,0,35466,11,370,68,101,1,2578,5155,2531,1264
1331,14419,144253,2079984007,13.8157,128,155259,0,2,2,0,0,11,1690,510,534,1,17228,34455,14419,7208
1332,24847,139943,3477163721,14.6008,28,,1,0,0,0,0,11,2747,254,275,1,31065,62129,24847,12422
1333,19157,34543,661740251,14.2256,36,,1,0,0,0,20,11,2173,126,144,1,23445,46889,19157,9577
1334,9661,19457,187974077,13.238,44,56859,0,15,17,0,755,11,1193,512,542,1,11151,22301,9661,4829
1335,19421,335681,6519260701,14.2453,40,,1,0,0,1,0,11,2199,510,534,1,23794,47587,19421,9709
1336,7027,207947,1461243569,12.7787,84,104968,0,14,14,0,0,11,904,254,275,1,7882,15763,7027,3512
1337,16097,152897,2461183009,13.9745,96,,1,0,0,0,0,11,1874,254,275,1,19416,38831,16097,8047
1338,10159,118259,1201393181,13.3105,19,110810,0,5,5,0,1,11,1247,254,275,1,11781,23561,10159,5078
1339,9587,334049,3202527763,13.2269,33,113958,0,6,6,0,0,11,1184,254,275,1,11062,22123,9587,4792
1340,16229,331577,5381163133,13.9863,30,,1,0,0,0,0,11,1886,510,534,1,19591,39181,16229,8113
1341,29501,98993,2920392493,14.8485,41,,1,0,0,0,0,11,3204,254,275,1,37399,74797,29501,14749
1342,32303,42829,1383505187,14.9794,30,,1,0,0,0,0,11,3464,510,534,1,41242,82480,32303,16150
1343,10273,441281,4533279713,13.3266,54,97929,0,5,5,0,0,11,1261,254,275,1,11924,23847,10273,5135
1344,9227,334931,3090408337,13.1716,32,111708,0,10,10,0,0,11,1144,126,144,1,10615,21229,9227,4612
1345,22777,297607,6778594639,14.4753,45,,1,0,0,1,0,11,2545,510,534,1,28276,56551,22777,11387
1346,16069,30103,483725107,13.972,18,,1,0,0,0,24,11,1870,534,630,1,19378,38755,16069,8033
1347,12251,74101,907811351,13.5806,23,166185,0,6,6,0,1,11,1464,62,77,1,14437,28873,12251,6124
1348,25037,379703,9506624011,14.6118,36,,1,0,0,1,0,11,2766,126,144,1,31324,62647,25037,12517
1349,3607,267403,964522621,11.8166,50,20168,0,101,101,0,1,11,504,126,144,1,3807,7613,3607,1802
1350,3943,369647,1457518121,11.9451,71,19467,0,79,79,0,0,11,547,30,42,1,4197,8393,3943,1970
1351,15461,285697,4417161317,13.9163,35,,1,0,0,0,0,11,1806,254,275,1,18587,37173,15461,7729
1352,15803,453197,7161872191,13.9479,30,,1,0,0,1,0,11,1844,510,534,1,19034,38067,15803,7900
1353,22157,93601,2073917357,14.4355,21,,1,0,0,0,0,11,2485,510,534,1,27447,54893,22157,11077
1354,25579,452989,11587005631,14.6427,28,,1,0,0,1,0,11,2816,62,77,1,32056,64111,25579,12788
1355,7127,271483,1934859341,12.7991,39,51756,0,23,23,0,0,11,913,126,144,1,8009,16017,7127,3562
1356,12713,378011,4805653843,13.634,29,118173,0,7,7,0,0,11,1518,254,275,1,15029,30057,12713,6355
1357,18973,145511,2760780203,14.2117,54,,1,0,0,0,0,11,2157,510,534,1,23199,46397,18973,9485
1358,19997,112129,2242243613,14.2875,18,,1,0,0,0,0,11,2262,741,1098,1,24558,49115,19997,9997
1359,19301,123593,2385468493,14.2364,23,,1,0,0,0,0,11,2188,62,77,1,23636,47271,19301,9649
1360,11527,327953,3780314231,13.4927,34,133164,0,4,4,0,0,11,1390,510,534,1,13513,27025,11527,5762
1361,21419,306511,6565159109,14.3866,32,,1,0,0,1,0,11,2405,1662,1695,1,26455,52909,21419,10708
1362,10753,247391,2660195423,13.3925,166,119574,0,6,6,0,0,11,1311,144,216,1,12529,25057,10753,5375
1363,5281,471521,2490102401,12.3666,85,38889,0,45,45,0,0,11,701,254,275,1,5770,11539,5281,2639
1364,10463,354373,3707804699,13.353,73,180089,0,2,2,0,0,11,1281,254,275,1,12166,24331,10463,5230
1365,21559,171917,3706358603,14.396,36,,1,0,0,0,0,11,2419,278,371,1,26645,53289,21559,10778
1366,3511,346657,1217112727,11.7777,61,38178,0,79,79,0,1,11,490,62,77,1,3695,7389,3511,1754
1367,6571,69761,458399531,12.6819,17,56673,0,28,28,0,41,11,850,126,144,1,7334,14667,6571,3284
1368,14057,355297,4994409929,13.779,62,157941,0,2,2,0,0,11,1658,126,144,1,16764,33527,14057,7027
1369,19489,134999,2630995511,14.2504,26,170424,0,2,2,0,0,11,2212,254,275,1,23883,47765,19489,9743
1370,30539,294403,8990773217,14.8984,24,,1,0,0,1,0,11,3297,254,275,1,38822,77643,30539,15268
1371,18119,270859,4907694221,14.1452,36,,1,0,0,0,0,11,2075,510,534,1,22076,44151,18119,9058
1372,20983,170813,3584169179,14.3569,27,176984,0,1,1,0,0,11,2360,254,275,1,25870,51739,20983,10490
1373,11923,405679,4836910717,13.5415,50,,1,0,0,0,0,11,1428,130,160,1,14020,28039,11923,5960
1374,15551,483503,7518955153,13.9247,40,,1,0,0,1,0,11,1814,126,144,1,18701,37401,15551,7774
1375,6869,164911,1132773659,12.7459,84,103515,0,20,20,0,1,11,884,254,275,1,7693,15385,6869,3433
1376,13619,472907,6440520433,13.7333,51,157389,0,3,3,1,0,11,1610,254,275,1,16196,32391,13619,6808
1377,5113,408809,2090240417,12.32,59,45948,0,42,42,0,0,11,684,126,144,1,5569,11137,5113,2555
1378,25391,430811,10938722101,14.632,48,,1,0,0,1,0,11,2800,516,558,1,31802,63603,25391,12694
1379,9227,307169,2834248363,13.1716,35,111708,0,10,10,0,0,11,1144,126,144,1,10615,21229,9227,4612
1380,6607,123031,812865817,12.6898,21,78245,0,19,19,0,2,11,854,254,275,1,7376,14751,6607,3302
1381,23741,27329,648817789,14.5351,16,,1,0,0,0,21,11,2639,510,534,1,29576,59150,23741,11869
1382,15053,441187,6641187911,13.8778,30,,1,0,0,1,0,11,1758,254,275,1,18059,36117,15053,7525
1383,10667,178909,1908422303,13.3809,27,119538,0,7,7,0,0,11,1302,254,275,1,12424,24847,10667,5332
1384,11813,457229,5401246177,13.5281,38,124657,0,3,3,0,0,11,1416,254,275,1,13879,27757,11813,5905
1385,8581,13831,118683811,13.0669,13,56862,0,20,24,0,2516,11,1069,259,295,1,9803,19604,8581,4289
1386,29387,346529,10183447723,14.8429,22,,1,0,0,1,0,11,3192,894,921,1,37239,74477,29387,14692
1387,12301,435107,5352251207,13.5865,43,162486,0,2,2,0,0,11,1471,126,144,1,14504,29007,12301,6149
1388,23531,24317,572203327,14.5223,61,176391,0,2,2,0,23,11,2615,254,275,1,29296,58590,23531,11764
1389,23869,164531,3927190439,14.5429,32,,1,0,0,0,0,11,2654,510,534,1,29748,59495,23869,11933
1390,20357,178183,3627271331,14.3132,25,,1,0,0,0,0,11,2300,126,144,1,25042,50083,20357,10177
1391,9221,72169,665470349,13.1707,21,96219,0,9,9,0,20,11,1143,510,534,1,10608,21215,9221,4609
1392,19753,49663,980993239,14.2698,30,,1,0,0,0,1,11,2236,126,144,1,24236,48471,19753,9875
1393,7219,249671,1802374949,12.8176,30,56870,0,28,28,0,0,11,923,254,275,1,8119,16237,7219,3608
1394,23227,455309,10575462143,14.5035,31,,1,0,0,1,0,11,2592,254,275,1,28886,57771,23227,11612
1395,17239,474911,8186990729,14.0734,29,169848,0,2,2,1,0,11,1985,62,77,1,20918,41835,17239,8618
1396,3407,8741,29780587,11.7343,13,17514,0,97,114,0,32430,11,479,62,77,1,3575,7149,3407,1702
1397,6967,215797,1503457699,12.7663,60,65580,0,28,28,0,0,11,895,126,144,1,7809,15617,6967,3482
1398,4751,497633,2364254383,12.214,67,37910,0,35,35,0,0,11,640,126,144,1,5143,10285,4751,2374
1399,29339,54311,1593430429,14.8405,19,,1,0,0,0,0,11,3188,894,921,1,37177,74353,29339,14668
1400,24859,475763,11826992417,14.6015,210,,1,0,0,1,0,11,2749,510,534,1,31081,62161,24859,12428
1401,16433,473611,7782849563,14.0043,31,,1,0,0,1,0,11,1905,254,275,1,19852,39703,16433,8215
1402,12539,394787,4950234193,13.6141,40,162594,0,2,2,0,0,11,1497,254,275,1,14808,29615,12539,6268
1403,21863,75193,1643944559,14.4162,16,,1,0,0,0,0,11,2453,510,534,1,27047,54093,21863,10930
1404,2423,423557,1026278611,11.2426,100,12635,0,142,142,0,1,11,360,254,275,1,2462,4923,2423,1210
1405,11677,38237,446493449,13.5114,19,157526,0,3,3,0,44,11,1401,260,299,1,13704,27407,11677,5837
1406,3929,435637,1711617773,11.9399,74,32831,0,81,81,0,0,11,545,62,77,1,4181,8361,3929,1963
1407,14759,197963,2921735917,13.8493,46,170639,0,2,2,0,0,11,1729,254,275,1,17670,35339,14759,7378
1408,8377,168713,1413308801,13.0322,32,112238,0,8,8,0,0,11,1049,254,275,1,9546,19091,8377,4187
1409,27919,463219,12932611261,14.769,26,,1,0,0,1,0,11,3047,14,23,1,35235,70469,27919,13958
1410,4973,402559,2001925907,12.2799,68,57338,0,37,37,0,0,11,666,254,275,1,5406,10811,4973,2485
1411,13883,50773,704881559,13.761,25,174789,0,2,2,0,3,11,1641,62,77,1,16541,33081,13883,6940
1412,11657,409477,4773273389,13.5089,34,159867,0,7,7,0,0,11,1400,126,144,1,13683,27365,11657,5827
1413,30211,291253,8799044383,14.8828,60,,1,0,0,1,0,11,3268,510,534,1,38371,76741,30211,15104
1414,26669,176461,4706038409,14.7029,19,,1,0,0,0,0,11,2923,254,275,1,33536,67071,26669,13333
1415,14519,26309,381980371,13.8257,23,,1,0,0,0,63,11,1700,126,144,1,17358,34715,14519,7258
1416,31847,477881,15219076207,14.9589,199,,1,0,0,1,0,11,3421,510,534,1,40616,81231,31847,15922
1417,12601,32719,412292119,13.6213,23,162558,0,2,2,0,62,11,1505,254,275,1,14892,29783,12601,6299
1418,14627,29837,436425799,13.8363,29,,1,0,0,0,58,11,1712,510,534,1,17502,35003,14627,7312
1419,20113,193163,3885087419,14.2958,21,,1,0,0,0,0,11,2274,126,144,1,24712,49423,20113,10055
1420,14699,51551,757748149,13.8434,55,,1,0,0,0,2,11,1720,254,275,1,17597,35193,14699,7348
1421,7753,159667,1237898251,12.9205,31,110080,0,9,9,0,1,11,983,126,144,1,8779,17557,7753,3875
1422,26981,29437,794239697,14.7197,52,,1,0,0,0,2,11,2959,126,144,1,33962,67923,26981,13489
1423,13477,18869,254297513,13.7182,453,162566,0,1,1,0,279,11,1598,126,144,1,16006,32011,13477,6737
1424,25147,461327,11600990069,14.6181,27,,1,0,0,1,0,11,2775,254,275,1,31467,62933,25147,12572
1425,8467,428429,3627508343,13.0476,310,98425,0,9,9,0,0,11,1059,510,534,1,9664,19327,8467,4232
1426,30137,333821,10060363477,14.8792,53,,1,0,0,1,0,11,3260,254,275,1,38269,76537,30137,15067
1427,29599,38047,1126153153,14.8533,77,,1,0,0,0,1,11,3213,254,275,1,37532,75060,29599,14798
1428,12821,28411,364257431,13.6462,14,122229,0,5,5,0,67,11,1528,563,746,1,15164,30327,12821,6409
1429,26557,227977,6054385189,14.6968,21,,1,0,0,1,0,11,2914,62,77,1,33382,66763,26557,13277
1430,17159,467963,8029777117,14.0667,31,,1,0,0,1,0,11,1976,510,534,1,20816,41631,17159,8578
1431,30971,96263,2981361373,14.9186,30,,1,0,0,0,0,11,3338,510,534,1,39413,78825,30971,15484
1432,32537,433747,14112826139,14.9898,45,,1,0,0,1,0,11,3492,510,534,1,41570,83139,32537,16267
1433,10427,482711,5033227597,13.348,48,139958,0,2,2,0,0,11,1275,510,534,1,12122,24243,10427,5212
1434,4547,433501,1971129047,12.1507,67,39932,0,53,53,0,0,11,616,126,144,1,4905,9809,4547,2272
1435,9901,247073,2446269773,13.2734,48,123228,0,12,12,0,0,11,1221,126,144,1,11457,22913,9901,4949
1436,22259,434923,9680951057,14.4421,28,,1,0,0,1,0,11,2492,510,534,1,27583,55165,22259,11128
1437,31147,414277,12903485719,14.9268,31,,1,0,0,1,0,11,3354,254,275,1,39657,79313,31147,15572
1438,14461,31741,459006601,13.8199,19,118035,0,2,2,0,41,11,1696,510,534,1,17282,34563,14461,7229
1439,10331,127703,1319299693,13.3347,25,155328,0,3,3,0,1,11,1267,254,275,1,12000,23999,10331,5164
1440,12601,394201,4967326801,13.6213,37,162558,0,2,2,0,0,11,1505,126,144,1,14892,29783,12601,6299
1441,22259,455471,10138328989,14.4421,27,,1,0,0,1,0,11,2492,254,275,1,27583,55165,22259,11128
1442,6173,415147,2562702431,12.5918,64,111437,0,27,27,0,0,11,804,254,275,1,6844,13687,6173,3085
1443,21673,488567,10588712591,14.4036,26,,1,0,0,1,0,11,2433,510,534,1,26797,53593,21673,10835
1444,7253,307589,2230943017,12.8244,37,51786,0,22,22,0,0,11,928,254,275,1,8160,16319,7253,3625
1445,7877,164291,1294120207,12.9434,129,104742,0,16,16,0,1,11,995,254,275,1,8931,17861,7877,3937
1446,26903,58477,1573206731,14.7155,19,,1,0,0,0,0,11,2952,254,275,1,33859,67717,26903,13450
1447,27799,399283,11099668117,14.7627,30,,1,0,0,1,0,11,3035,510,534,1,35072,70143,27799,13898
1448,22091,408049,9014210459,14.4312,36,,1,0,0,1,0,11,2476,254,275,1,27360,54719,22091,11044
1449,18269,484129,8844552701,14.1571,4580,,1,0,0,1,0,11,2094,254,275,1,22271,44541,18269,9133
1450,10651,132263,1408733213,13.3787,21,130482,0,3,3,0,0,11,1299,254,275,1,12401,24801,10651,5324
1451,8123,163117,1324999391,12.9878,48,58077,0,11,11,0,1,11,1022,62,77,1,9233,18465,8123,4060
1452,28723,142897,4104430531,14.8099,161,,1,0,0,0,0,11,3129,530,614,1,36328,72655,28723,14360
1453,5653,269189,1521725417,12.4648,47,56130,0,33,33,0,0,11,744,254,275,1,6214,12427,5653,2825
1454,16319,47351,772720969,13.9943,42,,1,0,0,0,2,11,1893,515,554,1,19710,39419,16319,8158
1455,22013,25219,555145847,14.4261,20,,1,0,0,0,24,11,2466,254,275,1,27256,54507,22013,11005
1456,23669,402107,9517470583,14.5307,123,,1,0,0,1,0,11,2633,510,534,1,29479,58957,23669,11833
1457,7457,186871,1393497047,12.8644,36,59138,0,20,20,0,0,11,944,254,275,1,8416,16831,7457,3727
1458,6997,61487,430224539,12.7725,20,96308,0,20,20,0,59,11,900,254,275,1,7846,15691,6997,3497
1459,15797,50647,800070659,13.9474,18,,1,0,0,0,2,11,1843,254,275,1,19025,38049,15797,7897
1460,14057,245173,3446396861,13.779,23,157941,0,2,2,0,0,11,1658,144,216,1,16764,33527,14057,7027
1461,3863,173839,671540057,11.9155,988,40107,0,74,74,0,19,11,536,254,275,1,4104,8207,3863,1930
1462,27017,445769,12043341073,14.7216,307,,1,0,0,1,0,11,2963,510,534,1,34010,68019,27017,13507
1463,32687,422911,13823691857,14.9964,56,,1,0,0,1,0,11,3506,254,275,1,41776,83551,32687,16342
1464,30431,478843,14571671333,14.8933,28,,1,0,0,1,0,11,3287,254,275,1,38674,77347,30431,15214
1465,10009,400249,4006092241,13.289,71,118337,0,2,2,0,0,11,1231,254,275,1,11593,23185,10009,5003
1466,9623,257297,2475969031,13.2323,58,120546,0,6,6,0,0,11,1188,254,275,1,11106,22211,9623,4810
1467,8581,13693,117499633,13.0669,52,145044,0,14,14,0,2618,11,1069,126,144,1,9805,19603,8581,4289
1468,16253,446273,7253275069,13.9884,30,,1,0,0,1,0,11,1889,510,534,1,19620,39239,16253,8125
1469,8009,66571,533167139,12.9674,21,57588,0,21,21,0,24,11,1008,510,534,1,9097,18193,8009,4003
1470,8219,442831,3639627989,13.0047,43,54594,0,8,8,0,0,11,1030,510,534,1,9355,18709,8219,4108
1471,27847,60779,1692512813,14.7652,35,,1,0,0,0,0,11,3041,126,144,1,35138,70275,27847,13922
1472,21503,356261,7660680283,14.3923,22,,1,0,0,1,0,11,2413,62,77,1,26563,53125,21503,10750
1473,20333,59753,1214957749,14.3115,28,,1,0,0,0,1,11,2296,510,534,1,25006,50011,20333,10165
1474,14797,438281,6485243957,13.853,28,,1,0,0,1,0,11,1734,510,534,1,17719,35437,14797,7397
1475,16747,77801,1302933347,14.0316,31,,1,0,0,0,1,11,1936,62,77,1,20265,40529,16747,8372
1476,10657,407177,4339285289,13.3795,51,111558,0,6,6,0,0,11,1300,510,534,1,12408,24815,10657,5327
1477,31249,238261,7445417989,14.9315,37,,1,0,0,1,0,11,3368,254,275,1,39791,79581,31249,15623
1478,7321,454303,3325952263,12.8378,49,52496,0,13,13,0,0,11,933,62,77,1,8247,16493,7321,3659
1479,29077,159911,4649732147,14.8276,306,,1,0,0,0,0,11,3162,516,558,1,36813,73625,29077,14537
1480,8363,97397,814531111,13.0298,27,105218,0,12,12,0,2,11,1047,514,550,1,9532,19063,8363,4180
1481,17909,450403,8066267327,14.1284,105,177902,0,1,1,1,0,11,2052,254,275,1,21793,43585,17909,8953
1482,15583,29611,461428213,13.9277,38,172071,0,2,2,0,40,11,1818,259,295,1,18748,37494,15583,7790
1483,23537,217387,5116637819,14.5226,24,,1,0,0,0,0,11,2616,946,1129,1,29302,58603,23537,11767
1484,30089,330719,9951003991,14.8769,133,,1,0,0,1,0,11,3252,254,275,1,38203,76405,30089,15043
1485,22619,300299,6792463081,14.4652,26,,1,0,0,1,0,11,2526,510,534,1,28065,56129,22619,11308
1486,17239,318589,5492155771,14.0734,44,169848,0,2,2,1,0,11,1985,254,275,1,20918,41835,17239,8618
1487,18341,318833,5847716053,14.1628,31,,1,0,0,1,0,11,2102,254,275,1,22369,44737,18341,9169
1488,7523,292471,2200259333,12.8771,51,123173,0,9,9,0,0,11,953,533,626,1,8497,16993,7523,3760
1489,11261,125887,1417613507,13.459,21,,1,0,0,0,0,11,1362,896,929,1,13174,26347,11261,5629
1490,15661,24097,377383117,13.9349,24,104976,0,2,2,0,64,11,1827,519,570,1,18851,37697,15661,7829
1491,18959,301843,5722641437,14.2106,23,,1,0,0,1,0,11,2156,510,534,1,23184,46367,18959,9478
1492,8539,143467,1225064713,13.0599,35,59030,0,13,13,0,1,11,1065,510,534,1,9750,19499,8539,4268
1493,18211,215329,3921356419,14.1525,28,118260,0,2,2,0,0,11,2086,254,275,1,22197,44393,18211,9104
1494,22481,157211,3534260491,14.4564,154,,1,0,0,0,0,11,2514,510,534,1,27877,55753,22481,11239
1495,13859,16747,232096673,13.7585,27,58806,0,2,6,0,417,11,1637,62,77,1,16512,33022,13859,6928
1496,18427,360769,6647890363,14.1695,25,,1,0,0,1,0,11,2110,254,275,1,22481,44961,18427,9212
1497,14033,278261,3904836613,13.7765,23,174795,0,2,2,0,0,11,1656,126,144,1,16732,33463,14033,7015
1498,29023,119677,3473385571,14.8249,18,,1,0,0,0,0,11,3157,62,77,1,36740,73479,29023,14510
1499,10271,160907,1652675797,13.3263,225,118150,0,9,9,0,0,11,1260,510,534,1,11923,23845,10271,5134
